OUTPUT,iso3c,production_system,food_type,source,Comment,Org,Type,2010,2011,2012,2013,2014,2015,2016,2017,2018,2019,2020,2021,2022,2023,2024,2025,2026,2027,2028,2029,2030
AFL_FHA_FO..INL,AFL,FHA,FO,INL,AFL_FHA_FO..INL = AFL_FH_FO*AFL_FHA_QP..INL/(AFL_FH_QP-AFL_FH_CR-AFL_FH_OU),Scalar TS,Numeric,126.8199445,122.7239436,142.7730163,158.4047368,183.8588565,201.701019,209.7626907,220.0792768,216.5903534,219.2929276,235.7095813,243.6373289,252.886324,267.0479854,281.1867284,298.4043345,316.9774673,332.2140616,347.0149763,362.2427661,380.8511682
AFL_FHA_FO..MAR,AFL,FHA,FO,MAR,AFL_FHA_FO..MAR = AFL_FH_FO*AFL_FHA_QP..MAR/(AFL_FH_QP-AFL_FH_CR-AFL_FH_OU),Scalar TS,Numeric,5.352857753,7.272943329,6.606387476,7.311368775,7.113863776,5.517993467,7.626383823,8.335779696,6.355774439,6.212454146,6.791313309,7.059807847,7.389519317,7.709337811,8.019063509,8.348025298,8.674318417,9.039422166,9.381424161,9.694531222,10.05635139
AFL_FHC_FO..INL,AFL,FHC,FO,INL,AFL_FHC_FO..INL = AFL_FH_FO*AFL_FHC_QP..INL/(AFL_FH_QP-AFL_FH_CR-AFL_FH_OU),Scalar TS,Numeric,1744.778568,1843.323763,1925.068686,2022.411937,2119.911175,2091.634162,2145.424321,2219.915181,2302.166278,2278.907501,2299.379586,2345.460462,2396.208706,2449.68214,2497.986906,2549.680653,2599.857667,2662.179418,2725.692795,2783.305344,2855.414517
AFL_FHC_FO..MAR,AFL,FHC,FO,MAR,"AFL_FHC_FO..MAR = AFL_FH_FO*(AFL_FHC_QP..MAR-AFL_FH_CR-AFL_FH_OU)/(AFL_FH_
QP-AFL_FH_CR-AFL_FH_OU)",Scalar TS,Numeric,1422.816827,1616.186286,1783.707627,1856.618991,1953.411301,1960.115479,1954.688885,2305.728098,2111.921635,2117.85055,2131.935396,2177.277787,2225.95593,2277.742928,2324.71565,2374.787088,2423.524636,2483.757288,2534.895707,2580.37366,2638.95921
AFN_FHA_FO..INL,AFN,FHA,FO,INL,AFN_FHA_FO..INL = AFN_FH_FO*AFN_FHA_QP..INL/(AFN_FH_QP-AFN_FH_CR-AFN_FH_OU),Scalar TS,Numeric,2.540520509,2.753291344,2.95182105,2.67680517,2.562456618,2.080335538,1.966714826,2.186859834,3.287975066,3.430300855,3.512407201,3.506319332,3.546530763,3.568220216,3.594707071,3.628515731,3.656685189,3.71193984,3.764912949,3.814145994,3.862887887
AFN_FHA_FO..MAR,AFN,FHA,FO,MAR,AFN_FHA_FO..MAR = AFN_FH_FO*AFN_FHA_QP..MAR/(AFN_FH_QP-AFN_FH_CR-AFN_FH_OU),Scalar TS,Numeric,3.830771188,6.502499325,6.997589068,9.471074411,9.534151692,10.6191887,11.84688656,15.14246667,16.97374628,17.53437091,15.17800435,13.47868692,13.2013056,13.22215781,13.02968356,12.92814587,12.64444059,12.4915582,12.14797572,11.83980238,11.58316208
AFN_FHC_FO..INL,AFN,FHC,FO,INL,AFN_FHC_FO..INL = AFN_FH_FO*AFN_FHC_QP..INL/(AFN_FH_QP-AFN_FH_CR-AFN_FH_OU),Scalar TS,Numeric,6.620390943,7.873351065,11.16643655,12.17878877,12.41105251,11.68465661,11.87277412,0.353895173,11.57244972,10.003224,10.23657727,10.47973112,10.87697574,11.24953942,11.59048153,11.92771976,12.20385158,12.5438562,16.01813707,19.59592099,23.27074669
AFN_FHC_FO..MAR,AFN,FHC,FO,MAR,"AFN_FHC_FO..MAR = AFN_FH_FO*(AFN_FHC_QP..MAR-AFN_FH_CR-AFN_FH_OU)/(AFN_FH_
QP-AFN_FH_CR-AFN_FH_OU)",Scalar TS,Numeric,858.4131004,833.9603353,991.2895153,1027.633302,1007.579875,1087.421636,1110.160593,1071.379652,1107.31806,1155.99962,1182.400824,1210.486904,1256.371613,1299.405489,1338.786838,1377.740363,1409.635642,1448.908705,1479.360171,1506.52077,1531.325068
AFS_FHA_FO..INL,AFS,FHA,FO,INL,AFS_FHA_FO..INL = AFS_FH_FO*AFS_FHA_QP..INL/(AFS_FH_QP-AFS_FH_CR-AFS_FH_OU),Scalar TS,Numeric,34.83899474,70.96925794,75.73825886,92.9514871,107.37238,106.1805314,117.3071167,119.0579049,156.6286074,189.9352269,197.9624287,201.6545624,212.7648286,224.1546027,235.5287162,249.8927714,263.688758,278.7115545,293.8140047,308.4069723,327.1098539
AFS_FHA_FO..MAR,AFS,FHA,FO,MAR,AFS_FHA_FO..MAR = AFS_FH_FO*AFS_FHA_QP..MAR/(AFS_FH_QP-AFS_FH_CR-AFS_FH_OU),Scalar TS,Numeric,1.258206019,1.069552963,1.110175568,0.972471396,1.592252285,1.647240352,2.019062039,2.244461277,3.402542047,3.954537248,4.469361796,4.618365154,4.849470373,5.056599205,5.230519437,5.454861037,5.673706981,5.929272133,6.171699682,6.393137026,6.671542333
AFS_FHC_FO..INL,AFS,FHC,FO,INL,AFS_FHC_FO..INL = AFS_FH_FO*AFS_FHC_QP..INL/(AFS_FH_QP-AFS_FH_CR-AFS_FH_OU),Scalar TS,Numeric,436.6655332,521.3937994,447.5005725,471.5773126,492.7424065,510.8996594,486.2158965,442.768024,461.8603996,473.3033057,489.6355591,483.3911195,480.254284,478.3094651,476.9498215,474.7624004,471.1071679,469.9263225,472.1975524,472.2246067,475.7570239
AFS_FHC_FO..MAR,AFS,FHC,FO,MAR,"AFS_FHC_FO..MAR = AFS_FH_FO*(AFS_FHC_QP..MAR-AFS_FH_CR-AFS_FH_OU)/(AFS_FH_
QP-AFS_FH_CR-AFS_FH_OU)",Scalar TS,Numeric,1157.051337,1304.893337,1278.459047,1359.789465,1370.708146,1541.110484,1662.209412,1748.015828,1812.820969,1857.103284,1981.067851,2025.640149,2083.711415,2152.684924,2230.758923,2307.312168,2381.308967,2473.34735,2554.116996,2625.831874,2720.51469
ANL_FHA_FO..INL,ANL,FHA,FO,INL,ANL_FHA_FO..INL = ANL_FH_FO*ANL_FHA_QP..INL/(ANL_FH_QP-ANL_FH_CR-ANL_FH_OU),Scalar TS,Numeric,0.950970656,0.632138745,1.407301797,1.520439542,1.416423518,1.505852985,0.912106262,1.20801426,1.341485565,1.512139802,1.634754192,1.746094564,1.867851089,1.98059994,2.100420006,2.214220346,2.321854774,2.457022549,2.595233624,2.726910573,2.904912364
ANL_FHA_FO..MAR,ANL,FHA,FO,MAR,ANL_FHA_FO..MAR = ANL_FH_FO*ANL_FHA_QP..MAR/(ANL_FH_QP-ANL_FH_CR-ANL_FH_OU),Scalar TS,Numeric,0,0,0,0,0,0,0,0,0,0,0,0,0,0,0,0,0,0,0,0,0
ANL_FHC_FO..INL,ANL,FHC,FO,INL,ANL_FHC_FO..INL = ANL_FH_FO*ANL_FHC_QP..INL/(ANL_FH_QP-ANL_FH_CR-ANL_FH_OU),Scalar TS,Numeric,38.51431157,25.60161918,8.256170544,10.45594577,10.74121168,9.949600914,7.296850094,6.722465131,7.109839955,6.259139159,4.98851128,4.515432164,4.022727475,3.468433154,2.889845843,2.864501693,2.903990666,2.972786212,3.336990274,3.712113439,4.098521769
ANL_FHC_FO..MAR,ANL,FHC,FO,MAR,"ANL_FHC_FO..MAR = ANL_FH_FO*(ANL_FHC_QP..MAR-ANL_FH_CR-ANL_FH_OU)/(ANL_FH_
QP-ANL_FH_CR-ANL_FH_OU)",Scalar TS,Numeric,65.87278637,80.50634597,62.93622514,50.61262539,63.19113849,65.24753422,70.5930722,77.70028252,80.99192266,86.42093331,84.5670468,87.90872899,91.60242372,94.68806456,97.95476934,100.1930965,101.9188252,104.6748973,107.0523808,109.3595941,111.6202635
ARG_FHA_FO..INL,ARG,FHA,FO,INL,ARG_FHA_FO..INL = ARG_FH_FO*ARG_FHA_QP..INL/(ARG_FH_QP-ARG_FH_CR-ARG_FH_OU),Scalar TS,Numeric,0.70552247,0.870069359,0.933449498,1.291937377,1.200122448,1.371642205,1.262867336,1.355059609,1.189970564,1.158366568,1.213329134,1.270693954,1.29981898,1.322172114,1.34678417,1.378394752,1.406893838,1.444601048,1.482407609,1.515669396,1.573366733
ARG_FHA_FO..MAR,ARG,FHA,FO,MAR,ARG_FHA_FO..MAR = ARG_FH_FO*ARG_FHA_QP..MAR/(ARG_FH_QP-ARG_FH_CR-ARG_FH_OU),Scalar TS,Numeric,0.064709528,0.113329979,0.030969157,0.014343021,0.004212318,0.018983879,0.016367001,0.008407594,0.005220298,0.004652075,0.004872808,0.005103189,0.005220157,0.005309928,0.005408772,0.005535722,0.005650176,0.005801611,0.005953444,0.006087026,0.006318742
ARG_FHC_FO..INL,ARG,FHC,FO,INL,ARG_FHC_FO..INL = ARG_FH_FO*ARG_FHC_QP..INL/(ARG_FH_QP-ARG_FH_CR-ARG_FH_OU),Scalar TS,Numeric,4.481787708,5.635086851,4.669170839,4.194650658,4.386828144,7.170211075,6.57779316,8.428231076,7.532143663,6.190260517,6.460176628,6.632556449,6.713776469,6.819932513,6.863859955,6.889973243,6.891643094,6.929676925,7.641282497,8.35242399,9.063998531
ARG_FHC_FO..MAR,ARG,FHC,FO,MAR,"ARG_FHC_FO..MAR = ARG_FH_FO*(ARG_FHC_QP..MAR-ARG_FH_CR-ARG_FH_OU)/(ARG_FH_
QP-ARG_FH_CR-ARG_FH_OU)",Scalar TS,Numeric,231.0678582,238.6720125,235.9311846,293.1505188,245.3229836,301.9993429,256.4158819,310.698824,303.9656236,303.3227653,316.5486548,324.995266,328.975047,334.1766931,336.3291378,337.6086889,337.6905116,339.5541693,340.3224013,340.829181,341.167784
ASA_FHA_FO..INL,ASA,FHA,FO,INL,ASA_FHA_FO..INL = ASA_FH_FO*ASA_FHA_QP..INL/(ASA_FH_QP-ASA_FH_CR-ASA_FH_OU),Scalar TS,Numeric,187.0423376,188.5178378,194.8529988,214.2164327,198.3341482,199.9477702,210.0943322,193.9304323,201.8148491,204.8582607,210.4788337,215.2479977,221.2160469,225.8305839,231.7286695,237.1842136,241.4325689,246.1215573,250.824814,255.8093545,260.5988715
ASA_FHA_FO..MAR,ASA,FHA,FO,MAR,ASA_FHA_FO..MAR = ASA_FH_FO*ASA_FHA_QP..MAR/(ASA_FH_QP-ASA_FH_CR-ASA_FH_OU),Scalar TS,Numeric,271.8869596,291.6184247,312.7546486,302.3380828,289.0962692,311.7276051,288.766361,309.7674302,311.6456876,317.9331687,328.4693935,338.3655511,350.6938177,361.7310084,375.0194037,387.7901102,398.8180126,410.0157783,421.2377013,431.0856518,445.6452833
ASA_FHC_FO..INL,ASA,FHC,FO,INL,ASA_FHC_FO..INL = ASA_FH_FO*ASA_FHC_QP..INL/(ASA_FH_QP-ASA_FH_CR-ASA_FH_OU),Scalar TS,Numeric,67.67143156,77.99679376,88.09481588,82.39067183,87.87333638,88.07516848,108.4451526,114.565421,123.6882615,126.6002071,133.2464205,137.5781048,144.5441688,152.2901417,159.5666322,166.9290199,173.9605778,182.070007,195.0039343,208.1387143,221.1244499
ASA_FHC_FO..MAR,ASA,FHC,FO,MAR,"ASA_FHC_FO..MAR = ASA_FH_FO*(ASA_FHC_QP..MAR-ASA_FH_CR-ASA_FH_OU)/(ASA_FH_
QP-ASA_FH_CR-ASA_FH_OU)",Scalar TS,Numeric,1813.641758,1967.113572,1966.335293,1932.94235,2010.351271,1994.756095,1954.080678,1959.231567,1993.555982,2025.891033,2052.487969,2037.847377,2064.762957,2090.095473,2104.718008,2118.856861,2127.454628,2147.70422,2161.412441,2174.637108,2183.947053
ASC_FHA_FO..INL,ASC,FHA,FO,INL,ASC_FHA_FO..INL = ASC_FH_FO*ASC_FHA_QP..INL/(ASC_FH_QP-ASC_FH_CR-ASC_FH_OU),Scalar TS,Numeric,24.74653587,36.54139506,57.80054067,74.56968638,79.68724209,79.98201854,81.48714248,93.41358516,74.86713764,80.75438813,97.05489181,102.4972566,107.5976754,112.593298,117.9756723,123.8844844,129.7146608,135.7548039,141.9143127,147.9189837,153.6833754
ASC_FHA_FO..MAR,ASC,FHA,FO,MAR,ASC_FHA_FO..MAR = ASC_FH_FO*ASC_FHA_QP..MAR/(ASC_FH_QP-ASC_FH_CR-ASC_FH_OU),Scalar TS,Numeric,0,0,0,0,0,0.086108958,0.110070534,0.125535646,0.113834516,0.122723822,0.15107755,0.159314157,0.166978935,0.174396624,0.182470134,0.19136334,0.200270161,0.209538539,0.21896101,0.22816307,0.236979144
ASC_FHC_FO..INL,ASC,FHC,FO,INL,ASC_FHC_FO..INL = ASC_FH_FO*ASC_FHC_QP..INL/(ASC_FH_QP-ASC_FH_CR-ASC_FH_OU),Scalar TS,Numeric,37.04452892,54.92445182,64.17876619,68.63722198,67.89597844,68.76804895,65.98178155,61.48009106,48.25245717,50.08910729,52.2614185,53.30248551,53.99163813,54.7465691,55.62557025,56.50108599,57.34456912,58.11141968,59.32540725,60.56180119,61.61150951
ASC_FHC_FO..MAR,ASC,FHC,FO,MAR,"ASC_FHC_FO..MAR = ASC_FH_FO*(ASC_FHC_QP..MAR-ASC_FH_CR-ASC_FH_OU)/(ASC_FH_
QP-ASC_FH_CR-ASC_FH_OU)",Scalar TS,Numeric,47.39568631,35.42239733,20.26238054,20.54355105,27.63043437,27.11571085,40.83891984,59.50766243,96.16804577,95.60264322,101.2800721,104.4091737,106.8624799,109.453308,112.3030423,115.1586251,117.9607616,120.6147451,122.7560802,124.9139594,126.658138
ASL_FHA_FO..INL,ASL,FHA,FO,INL,ASL_FHA_FO..INL = ASL_FH_FO*ASL_FHA_QP..INL/(ASL_FH_QP-ASL_FH_CR-ASL_FH_OU),Scalar TS,Numeric,1955.254018,2160.073224,2426.347366,2617.408667,2794.260093,2978.567659,3116.244996,3228.453608,3452.177387,3516.416403,3678.6888,3832.796868,3981.292958,4132.759359,4303.598942,4482.136512,4674.11854,4895.742795,5068.367412,5286.537599,5505.117568
ASL_FHA_FO..MAR,ASL,FHA,FO,MAR,ASL_FHA_FO..MAR = ASL_FH_FO*ASL_FHA_QP..MAR/(ASL_FH_QP-ASL_FH_CR-ASL_FH_OU),Scalar TS,Numeric,186.2637438,186.6261658,195.3001203,207.7240177,223.6596531,226.7907352,260.484753,261.6657652,231.9878223,255.7834748,272.2297286,268.1247521,273.5353052,283.367734,293.8635741,305.713841,317.0759207,328.5642075,336.8818576,346.8909458,362.0135594
ASL_FHC_FO..INL,ASL,FHC,FO,INL,ASL_FHC_FO..INL = ASL_FH_FO*ASL_FHC_QP..INL/(ASL_FH_QP-ASL_FH_CR-ASL_FH_OU),Scalar TS,Numeric,2170.133053,2173.386586,2128.429647,2229.904536,2301.001801,2354.714499,2416.895999,2480.190996,2543.622528,2443.354401,2416.014759,2442.3439,2473.274667,2503.359674,2533.548618,2564.182822,2593.774863,2625.59532,2660.025816,2693.930322,2728.11367
ASL_FHC_FO..MAR,ASL,FHC,FO,MAR,"ASL_FHC_FO..MAR = ASL_FH_FO*(ASL_FHC_QP..MAR-ASL_FH_CR-ASL_FH_OU)/(ASL_FH_
QP-ASL_FH_CR-ASL_FH_OU)",Scalar TS,Numeric,1575.087698,1547.913331,1581.351202,1469.554149,1544.812374,1529.366277,1554.952268,1607.869283,1458.273537,1487.837791,1465.204137,1479.505428,1500.983303,1519.97931,1537.388923,1552.570445,1561.626367,1574.08226,1581.574563,1587.37962,1590.969919
AUS_FHA_FO..INL,AUS,FHA,FO,INL,AUS_FHA_FO..INL = AUS_FH_FO*AUS_FHA_QP..INL/(AUS_FH_QP-AUS_FH_CR-AUS_FH_OU),Scalar TS,Numeric,3.944924067,3.479351695,3.255265517,3.586780087,3.560885254,3.844117707,4.154167274,4.43923913,4.586573976,4.228737178,4.323014293,4.326370418,4.355708613,4.388513756,4.420883886,4.486265997,4.546633366,4.606713563,4.705443006,4.814554821,4.913727456
AUS_FHA_FO..MAR,AUS,FHA,FO,MAR,AUS_FHA_FO..MAR = AUS_FH_FO*AUS_FHA_QP..MAR/(AUS_FH_QP-AUS_FH_CR-AUS_FH_OU),Scalar TS,Numeric,215.1614882,211.4968645,240.4564767,238.9948689,227.4669456,238.8395917,247.8668497,262.1220073,276.49475,279.422043,283.3420588,295.4709472,311.1495051,329.2284737,347.1961103,361.2716347,377.0839383,390.684779,403.1848814,415.136137,429.2365998
AUS_FHC_FO..INL,AUS,FHC,FO,INL,AUS_FHC_FO..INL = AUS_FH_FO*AUS_FHC_QP..INL/(AUS_FH_QP-AUS_FH_CR-AUS_FH_OU),Scalar TS,Numeric,4.083729314,3.186725618,3.313577069,3.533163614,3.847453093,3.011618294,2.679685824,3.445342418,2.924103521,3.135834007,3.080147684,3.07225629,3.079984472,3.087382717,3.09159245,3.115765157,3.13308681,3.146753739,4.237644401,5.357120743,6.480338042
AUS_FHC_FO..MAR,AUS,FHC,FO,MAR,"AUS_FHC_FO..MAR = AUS_FH_FO*(AUS_FHC_QP..MAR-AUS_FH_CR-AUS_FH_OU)/(AUS_FH_
QP-AUS_FH_CR-AUS_FH_OU)",Scalar TS,Numeric,397.9647637,400.7219271,369.3219209,380.3595068,389.3578631,345.4056616,368.0192733,363.4316927,372.9553208,366.642665,383.2341958,378.6787821,381.6079479,381.5096261,380.6575702,380.930101,377.432146,377.6257861,378.8691125,380.2355429,379.0259472
BRA_FHA_FO..INL,BRA,FHA,FO,INL,BRA_FHA_FO..INL = BRA_FH_FO*BRA_FHA_QP..INL/(BRA_FH_QP-BRA_FH_CR-BRA_FH_OU),Scalar TS,Numeric,481.4360958,555.2130445,607.4175831,672.3156572,772.0696291,736.0509418,773.3506374,790.1940254,771.5694468,768.9796883,833.0325248,864.1201529,892.5591646,922.625354,950.6822172,980.0949384,1009.204122,1042.137514,1077.662972,1113.94024,1152.892255
BRA_FHA_FO..MAR,BRA,FHA,FO,MAR,BRA_FHA_FO..MAR = BRA_FH_FO*BRA_FHA_QP..MAR/(BRA_FH_QP-BRA_FH_CR-BRA_FH_OU),Scalar TS,Numeric,125.6177093,139.7095174,156.7723315,143.7532281,141.1571467,138.5328556,122.0297195,124.4001838,111.7342702,104.8697413,121.0068724,125.1095791,133.4846076,139.8951955,147.5534779,153.8661813,159.6024617,165.5226526,168.9706582,173.9311659,178.0747901
BRA_FHC_FO..INL,BRA,FHC,FO,INL,BRA_FHC_FO..INL = BRA_FH_FO*BRA_FHC_QP..INL/(BRA_FH_QP-BRA_FH_CR-BRA_FH_OU),Scalar TS,Numeric,366.4383981,374.6577477,376.487874,408.1062944,381.7028622,342.5262914,341.3220272,345.7166111,328.3699818,305.3602422,317.5003993,317.1952831,319.4626413,321.5545257,323.5795608,325.6710924,326.4309741,327.1615067,329.2089999,330.8946454,332.3603398
BRA_FHC_FO..MAR,BRA,FHC,FO,MAR,"BRA_FHC_FO..MAR = BRA_FH_FO*(BRA_FHC_QP..MAR-BRA_FH_CR-BRA_FH_OU)/(BRA_FH_
QP-BRA_FH_CR-BRA_FH_OU)",Scalar TS,Numeric,712.9275378,739.4795624,777.2073244,729.5524653,728.066198,637.6423771,643.2579419,642.9213007,640.0404133,608.2935914,610.9395922,606.9276649,613.8684175,617.3329818,620.3826306,622.2907046,618.9849278,620.2172684,618.4532837,615.6962876,611.4290451
CAN_FHA_FO..INL,CAN,FHA,FO,INL,CAN_FHA_FO..INL = CAN_FH_FO*CAN_FHA_QP..INL/(CAN_FH_QP-CAN_FH_CR-CAN_FH_OU),Scalar TS,Numeric,6.31063933,5.962842685,6.205612534,6.857740534,7.538561017,7.299864203,8.754698402,8.860088053,9.135927846,8.605829422,9.007953073,9.025617752,9.281917047,9.456482228,9.73629628,9.886469054,10.1005993,10.29681087,10.52016343,10.67226294,10.91598632
CAN_FHA_FO..MAR,CAN,FHA,FO,MAR,CAN_FHA_FO..MAR = CAN_FH_FO*CAN_FHA_QP..MAR/(CAN_FH_QP-CAN_FH_CR-CAN_FH_OU),Scalar TS,Numeric,115.6652506,133.000379,148.2955068,135.5478059,113.7904194,142.0727202,151.8480999,150.8515425,153.4152786,151.1665252,158.9329268,159.9549289,164.8865849,168.431953,173.694573,176.6677524,180.7411485,184.5103233,188.6672049,191.3965628,196.0307924
CAN_FHC_FO..INL,CAN,FHC,FO,INL,CAN_FHC_FO..INL = CAN_FH_FO*CAN_FHC_QP..INL/(CAN_FH_QP-CAN_FH_CR-CAN_FH_OU),Scalar TS,Numeric,20.54733346,21.08284957,24.48990216,24.02200991,23.52913228,22.29340422,24.29940777,24.30648051,36.63886845,24.431722,25.11668443,25.07464088,25.4891001,25.90920399,26.23911809,26.34703859,26.62133877,26.96814346,28.88719381,30.87625412,32.75313167
CAN_FHC_FO..MAR,CAN,FHC,FO,MAR,"CAN_FHC_FO..MAR = CAN_FH_FO*(CAN_FHC_QP..MAR-CAN_FH_CR-CAN_FH_OU)/(CAN_FH_
QP-CAN_FH_CR-CAN_FH_OU)",Scalar TS,Numeric,631.8453433,639.6438463,607.2743744,669.7701161,676.345767,621.8468682,638.6906064,633.0262027,631.635616,639.5871713,645.4814237,644.261385,655.5162234,666.5062026,674.9923699,677.5021414,683.7931669,692.713102,701.5013462,710.7708044,716.2747222
CHE_FHA_FO..INL,CHE,FHA,FO,INL,CHE_FHA_FO..INL = CHE_FH_FO*EUR_FHA_QP..INL/(EUR_FH_QP-EUR_FH_CR-EUR_FH_OU),Scalar TS,Numeric,4.633962619,4.479307491,4.363374047,4.617400946,4.443166219,4.549174452,5.029689092,4.784893945,4.659782001,4.826263577,4.798649376,4.96328037,5.029898157,5.112625045,5.214341945,5.335860032,5.405787979,5.44669547,5.474690243,5.50108954,5.52334121
CHE_FHA_FO..MAR,CHE,FHA,FO,MAR,CHE_FHA_FO..MAR = CHE_FH_FO*EUR_FHA_QP..MAR/(EUR_FH_QP-EUR_FH_CR-EUR_FH_OU),Scalar TS,Numeric,21.25160754,23.14596596,23.22121273,23.74284431,23.73181071,24.9568572,25.31058047,24.20939097,24.55027703,24.81542507,24.79065296,25.06345404,25.1769465,25.15704384,25.43781701,25.34613084,25.63806325,25.92746006,26.16986919,26.25103448,26.36692535
CHE_FHC_FO..INL,CHE,FHC,FO,INL,CHE_FHC_FO..INL = CHE_FH_FO*EUR_FHC_QP..INL/(EUR_FH_QP-EUR_FH_CR-EUR_FH_OU),Scalar TS,Numeric,3.944763096,3.973377658,3.750071646,4.451565758,3.883908788,4.800295701,4.47416228,3.933217801,3.968797353,4.384826865,4.383940121,4.365051763,4.348825284,4.331127362,4.309519317,4.301719873,4.281648315,4.264036002,4.512413301,4.766862806,5.018542689
CHE_FHC_FO..MAR,CHE,FHC,FO,MAR,"CHE_FHC_FO..MAR = CHE_FH_FO*(EUR_FHC_QP..MAR-EUR_FH_CR-EUR_FH_OU)/(EUR_FH_
QP-EUR_FH_CR-EUR_FH_OU)",Scalar TS,Numeric,112.025828,111.2165667,104.6854902,111.4906168,107.0180449,109.2033251,113.0192842,110.7293795,111.5619509,109.4530052,109.5477942,109.1535045,109.0139069,108.9931291,108.6581161,108.6630586,108.3489082,108.064866,107.5757438,107.2445346,106.8865174
CHL_FHA_FO..INL,CHL,FHA,FO,INL,CHL_FHA_FO..INL = CHL_FH_FO*CHL_FHA_QP..INL/(CHL_FH_QP-CHL_FH_CR-CHL_FH_OU),Scalar TS,Numeric,7.817372967,7.884198939,9.470470235,6.745057191,9.734222931,0.096856505,0.135337739,0.454337104,0.128821778,0,0,0,0,0,0,0,0,0,0,0,0
CHL_FHA_FO..MAR,CHL,FHA,FO,MAR,CHL_FHA_FO..MAR = CHL_FH_FO*CHL_FHA_QP..MAR/(CHL_FH_QP-CHL_FH_CR-CHL_FH_OU),Scalar TS,Numeric,143.4888617,174.8255051,160.9876528,150.3283642,163.1008521,156.2172858,155.8879762,175.3465482,186.4044567,190.7876745,182.2638238,188.7300345,185.0085896,185.7763988,184.3245741,183.1484424,190.7630468,183.1774223,182.9636631,182.6618697,183.7232951
CHL_FHC_FO..INL,CHL,FHC,FO,INL,CHL_FHC_FO..INL = CHL_FH_FO*CHL_FHC_QP..INL/(CHL_FH_QP-CHL_FH_CR-CHL_FH_OU),Scalar TS,Numeric,0,0,0,0,0,0,0,5.11E-05,0,0,0,0,0,0,0,0,0,0,0.496949877,0.992210354,1.464109263
CHL_FHC_FO..MAR,CHL,FHC,FO,MAR,"CHL_FHC_FO..MAR = CHL_FH_FO*(CHL_FHC_QP..MAR-CHL_FH_CR-CHL_FH_OU)/(CHL_FH_
QP-CHL_FH_CR-CHL_FH_OU)",Scalar TS,Numeric,90.13421839,69.50792886,61.77818817,71.94069162,66.86040238,60.17559367,61.65455318,45.78922883,51.95804334,47.59852884,61.12074274,54.05225865,61.32111152,63.22542234,66.80643013,70.39189283,64.60034705,75.25693054,78.11249791,80.91184621,82.19315589
CHN_FHA_FO..INL,CHN,FHA,FO,INL,CHN_FHA_FO..INL = CHN_FH_FO*CHN_FHA_QP..INL/(CHN_FH_QP-CHN_FH_CR-CHN_FH_OU),Scalar TS,Numeric,20658.26152,21340.26771,22063.59253,23501.24547,24573.38513,26038.07361,26849.20133,27020.69453,27703.02987,28451.99442,29576.10424,30259.3522,31460.96761,32339.34299,33056.81067,33730.22107,34227.27237,34886.15952,35548.68171,36210.49627,36673.06614
CHN_FHA_FO..MAR,CHN,FHA,FO,MAR,CHN_FHA_FO..MAR = CHN_FH_FO*CHN_FHA_QP..MAR/(CHN_FH_QP-CHN_FH_CR-CHN_FH_OU),Scalar TS,Numeric,11769.43436,12117.36467,12885.94267,13721.23535,14370.93449,14961.49377,15907.97218,16540.11083,16822.06003,17428.69988,18283.7592,18568.7411,18847.63562,19778.93214,20652.95523,21555.84891,22438.90002,23465.98358,24429.46295,25346.65939,26525.89286
CHN_FHC_FO..INL,CHN,FHC,FO,INL,CHN_FHC_FO..INL = CHN_FH_FO*CHN_FHC_QP..INL/(CHN_FH_QP-CHN_FH_CR-CHN_FH_OU),Scalar TS,Numeric,1940.05677,1873.081892,1869.715704,1884.056479,1864.390024,1868.222175,1869.233505,2030.495408,1838.52881,1806.349798,1761.687711,1689.687218,1681.21386,1697.696099,1692.80362,1689.222307,1681.017116,1684.693985,1705.001576,1725.004689,1739.582409
CHN_FHC_FO..MAR,CHN,FHC,FO,MAR,"CHN_FHC_FO..MAR = CHN_FH_FO*(CHN_FHC_QP..MAR-CHN_FH_CR-CHN_FH_OU)/(CHN_FH_
QP-CHN_FH_CR-CHN_FH_OU)",Scalar TS,Numeric,9389.222696,9347.98864,9506.543307,9605.113161,10213.52336,10676.88727,9971.130189,9596.565429,9000.694674,8864.847998,8665.893901,8253.72521,8232.004067,8316.944868,8285.924924,8250.217747,8167.801371,8183.51419,8138.385207,8090.133801,8006.871765
COL_FHA_FO..INL,COL,FHA,FO,INL,COL_FHA_FO..INL = COL_FH_FO*COL_FHA_QP..INL/(COL_FH_QP-COL_FH_CR-COL_FH_OU),Scalar TS,Numeric,107.951697,121.7538467,147.0713297,171.797317,170.2034821,184.0451502,210.9336749,202.5824528,251.8134052,271.2804236,263.5824372,293.6963964,288.1758072,295.5956037,307.6666098,319.9295455,354.8444664,349.3342636,358.1669988,371.5695393,385.3642751
COL_FHA_FO..MAR,COL,FHA,FO,MAR,COL_FHA_FO..MAR = COL_FH_FO*COL_FHA_QP..MAR/(COL_FH_QP-COL_FH_CR-COL_FH_OU),Scalar TS,Numeric,20.23994627,15.63316831,16.50262598,9.522548235,5.760792091,4.896149349,5.47695266,6.530078629,10.05405584,10.71978,8.797490939,9.145446779,8.557540179,8.330492248,8.326766581,8.23124127,8.593737691,7.842018127,7.485324197,7.26183036,7.037476864
COL_FHC_FO..INL,COL,FHC,FO,INL,COL_FHC_FO..INL = COL_FH_FO*COL_FHC_QP..INL/(COL_FH_QP-COL_FH_CR-COL_FH_OU),Scalar TS,Numeric,33.57479935,40.91516356,39.04435554,36.29520781,33.74615393,36.57131845,38.19667355,47.8725359,42.91663584,36.75964943,48.32096881,37.02066421,47.06707991,49.79973458,50.27445783,50.67815592,38.46812092,48.95954454,51.95778067,52.48469118,52.97387475
COL_FHC_FO..MAR,COL,FHC,FO,MAR,"COL_FHC_FO..MAR = COL_FH_FO*(COL_FHC_QP..MAR-COL_FH_CR-COL_FH_OU)/(COL_FH_
QP-COL_FH_CR-COL_FH_OU)",Scalar TS,Numeric,95.89131136,102.7238054,92.27056976,106.956775,142.1033635,124.9956969,102.4514708,107.6492286,93.94239932,81.81986485,107.5531241,82.40083325,104.7622101,110.8445705,111.9012126,112.7997664,85.62259172,108.9744701,114.9051542,115.3267015,115.6575468
EGY_FHA_FO..INL,EGY,FHA,FO,INL,EGY_FHA_FO..INL = EGY_FH_FO*EGY_FHA_QP..INL/(EGY_FH_QP-EGY_FH_CR-EGY_FH_OU),Scalar TS,Numeric,1055.668182,1107.570469,1161.352977,1210.092329,1474.027927,1461.388842,1537.170096,1477.372193,1650.799089,1779.406291,1813.741059,1907.133591,2023.562802,2142.111058,2295.844408,2438.6196,2571.83747,2710.451261,2850.508213,2959.067034,3076.915038
EGY_FHA_FO..MAR,EGY,FHA,FO,MAR,EGY_FHA_FO..MAR = EGY_FH_FO*EGY_FHA_QP..MAR/(EGY_FH_QP-EGY_FH_CR-EGY_FH_OU),Scalar TS,Numeric,179.2201947,166.1642894,181.6915556,159.419794,203.4296708,221.7211054,235.994127,342.7262085,398.9305002,392.4509601,390.5829865,399.8541311,408.3692457,412.6230176,430.6243224,443.8163556,452.0338035,463.7747965,474.6267632,483.5010672,501.6458733
EGY_FHC_FO..INL,EGY,FHC,FO,INL,EGY_FHC_FO..INL = EGY_FH_FO*EGY_FHC_QP..INL/(EGY_FH_QP-EGY_FH_CR-EGY_FH_OU),Scalar TS,Numeric,354.3137323,326.6247688,316.8487581,312.193821,349.6149658,345.5226957,301.3716826,327.4467396,352.5789505,353.8778865,360.6187733,368.143891,379.5024562,384.0428423,399.2551994,410.7349026,416.3426395,426.1104597,433.1969101,439.753637,446.7024979
EGY_FHC_FO..MAR,EGY,FHC,FO,MAR,"EGY_FHC_FO..MAR = EGY_FH_FO*(EGY_FHC_QP..MAR-EGY_FH_CR-EGY_FH_OU)/(EGY_FH_
QP-EGY_FH_CR-EGY_FH_OU)",Scalar TS,Numeric,162.9740841,157.862206,150.6154282,133.091277,159.0270714,147.4659387,134.0927468,137.6054822,137.4334607,141.1226821,140.8131021,140.727314,141.9884019,140.6058494,143.0092285,143.9015323,142.6400967,142.7224532,141.4390127,139.9271637,138.4871933
ETH_FHA_FO..INL,ETH,FHA,FO,INL,ETH_FHA_FO..INL = ETH_FH_FO*ANL_FHA_QP..INL/(ANL_FH_QP-ANL_FH_CR-ANL_FH_OU),Scalar TS,Numeric,0.151546013,0.136680516,0.542737639,0.955851652,0.943372672,0.893736127,0.594280909,0.80901273,0.871734256,0.987995604,1.115049485,1.192428974,1.253370143,1.315889087,1.380096836,1.446088833,1.513965979,1.583841879,1.655837329,1.72376559,1.819801069
ETH_FHA_FO..MAR,ETH,FHA,FO,MAR,ETH_FHA_FO..MAR = ETH_FH_FO*ANL_FHA_QP..MAR/(ANL_FH_QP-ANL_FH_CR-ANL_FH_OU),Scalar TS,Numeric,0,0,0,0,0,0,0,0,0,0,0,0,0,0,0,0,0,0,0,0,0
ETH_FHC_FO..INL,ETH,FHC,FO,INL,ETH_FHC_FO..INL = ETH_FH_FO*ANL_FHC_QP..INL/(ANL_FH_QP-ANL_FH_CR-ANL_FH_OU),Scalar TS,Numeric,6.137613507,5.535560917,3.184060816,6.573318282,7.153909433,5.905169947,4.754247272,4.502065955,4.620169766,4.089570266,3.402613653,3.083642922,2.699340724,2.304389314,1.898795048,1.870782155,1.893547831,1.916312613,2.129100444,2.346543182,2.567545372
ETH_FHC_FO..MAR,ETH,FHC,FO,MAR,"ETH_FHC_FO..MAR = ETH_FH_FO*(ANL_FHC_QP..MAR-ANL_FH_CR-ANL_FH_OU)/(ANL_FH_
QP-ANL_FH_CR-ANL_FH_OU)",Scalar TS,Numeric,10.49744074,17.40701552,24.2718785,31.81853684,42.08684226,38.72494802,45.99476714,52.03623816,52.63078139,56.46534935,57.68233686,60.0339281,61.46728913,62.9097216,64.36192137,65.43527535,66.45619515,67.47536207,68.30264786,69.129625,69.92523334
EUE_FHA_FO..INL,EUE,FHA,FO,INL,EUE_FHA_FO..INL = EUE_FH_FO*EUE_FHA_QP..INL/(EUE_FH_QP-EUE_FH_CR-EUE_FH_OU),Scalar TS,Numeric,6.566886408,5.685761868,5.091500788,4.151311994,5.525042035,5.676808291,5.581900103,6.129258234,6.079268762,5.825502022,5.750647272,5.627078875,5.565785974,5.460304684,5.40839755,5.334719355,5.249762698,5.184502515,5.123385084,5.058901116,4.997675712
EUE_FHA_FO..MAR,EUE,FHA,FO,MAR,EUE_FHA_FO..MAR = EUE_FH_FO*EUE_FHA_QP..MAR/(EUE_FH_QP-EUE_FH_CR-EUE_FH_OU),Scalar TS,Numeric,19.5734668,22.56767459,25.52417481,23.02746236,26.89011084,24.32308277,24.49329044,28.03652027,27.80708779,26.18940106,26.97240201,26.78135493,26.96597381,27.09632314,27.45233192,27.49593823,27.46030521,27.43089373,27.33767272,27.14888231,26.97691669
EUE_FHC_FO..INL,EUE,FHC,FO,INL,EUE_FHC_FO..INL = EUE_FH_FO*EUE_FHC_QP..INL/(EUE_FH_QP-EUE_FH_CR-EUE_FH_OU),Scalar TS,Numeric,3.236950993,5.184296986,3.393285247,6.479750655,3.176164717,13.8801629,4.560082602,2.790793127,3.123549942,4.79609763,5.072275776,4.966923278,4.949113027,4.910224662,4.870184805,4.825477232,4.765781174,4.728152609,5.628198251,6.516426294,7.38874021
EUE_FHC_FO..MAR,EUE,FHC,FO,MAR,"EUE_FHC_FO..MAR = EUE_FH_FO*(EUE_FHC_QP..MAR-EUE_FH_CR-EUE_FH_OU)/(EUE_FH_
QP-EUE_FH_CR-EUE_FH_OU)",Scalar TS,Numeric,337.0029736,325.7071605,332.1243676,331.4255864,339.9884377,300.4595779,295.3993964,313.391426,317.8461578,316.4106993,328.9464879,325.4710619,329.040714,332.2863858,333.7060358,334.5379767,334.0665163,334.9006904,335.1298806,335.1919605,334.9108628
EUN_FHA_FO..INL,EUN,FHA,FO,INL,EUN_FHA_FO..INL = EUN_FH_FO*EUN_FHA_QP..INL/(EUN_FH_QP-EUN_FH_CR-EUN_FH_OU),Scalar TS,Numeric,587.4095784,552.6552679,545.8547784,572.4785182,545.780579,541.7267897,591.3796739,580.7645166,557.5213383,585.6937589,596.011242,607.8722114,628.9363006,642.0480742,659.2235574,673.3732349,691.5785045,701.2647098,710.2566115,719.7385724,725.4976035
EUN_FHA_FO..MAR,EUN,FHA,FO,MAR,EUN_FHA_FO..MAR = EUN_FH_FO*EUN_FHA_QP..MAR/(EUN_FH_QP-EUN_FH_CR-EUN_FH_OU),Scalar TS,Numeric,1675.031524,1739.297837,1623.08617,1576.130377,1629.928363,1661.536961,1759.557599,1804.971937,1892.337643,1955.439224,1978.221252,2007.51029,2055.143953,2069.546003,2100.702792,2126.051471,2178.188806,2215.515032,2252.28185,2285.698491,2340.86507
EUN_FHC_FO..INL,EUN,FHC,FO,INL,EUN_FHC_FO..INL = EUN_FH_FO*EUN_FHC_QP..INL/(EUN_FH_QP-EUN_FH_CR-EUN_FH_OU),Scalar TS,Numeric,213.3771088,225.0047756,211.4364658,231.6271342,229.2741415,235.2720926,203.6441074,206.7724165,218.1628077,224.1154087,223.7529802,221.1039889,223.0058332,224.3365558,224.9109362,224.7002201,227.1263665,227.7465231,248.3218135,269.1351354,288.9300323
EUN_FHC_FO..MAR,EUN,FHC,FO,MAR,"EUN_FHC_FO..MAR = EUN_FH_FO*(EUN_FHC_QP..MAR-EUN_FH_CR-EUN_FH_OU)/(EUN_FH_
QP-EUN_FH_CR-EUN_FH_OU)",Scalar TS,Numeric,7364.278707,7436.17179,7088.655042,7323.324876,7343.163623,7565.459647,7576.904759,7836.109849,7855.248141,7800.722868,7861.425179,7783.595121,7869.807378,7941.088015,7976.817603,7984.340136,8082.681869,8115.650294,8148.158824,8178.488118,8173.682723
GBR_FHA_FO..INL,GBR,FHA,FO,INL,"GBR_FHA_FO..INL = GBR_FH_FO*GBR_FHA_QP..INL/(GBR_FHA_QP+GBR_FHC_QP-GBR_FH_
CR-GBR_FH_OU)",Scalar TS,Numeric,19.44533713,18.83063091,20.25733219,17.60601142,14.20921149,13.80857098,15.46805709,14.07268307,14.29487437,14.76138013,14.87970646,15.28312475,16.01940776,16.57841137,17.17224582,17.61547587,17.97227931,18.30189609,18.60954021,18.855633,19.03384057
GBR_FHA_FO..MAR,GBR,FHA,FO,MAR,"GBR_FHA_FO..MAR = GBR_FH_FO*GBR_FHA_QP..MAR/(GBR_FHA_QP+GBR_FHC_QP-GBR_FH_
CR-GBR_FH_OU)",Scalar TS,Numeric,281.8962936,297.1160608,291.8366179,303.0903502,251.8118068,258.9122352,267.2464674,275.1088722,244.8487347,248.0417733,248.8308422,255.160972,267.1368733,276.3244007,286.2013479,293.7099803,299.8459842,305.5940132,311.0758441,315.4350551,319.1237524
GBR_FHC_FO..INL,GBR,FHC,FO,INL,"GBR_FHC_FO..INL = GBR_FH_FO*GBR_FHC_QP..INL/(GBR_FHA_QP+GBR_FHC_QP-GBR_FH_
CR-GBR_FH_OU)",Scalar TS,Numeric,3.700852228,3.79832941,3.584011728,3.578316507,0.82764768,0.580861462,0.673018446,0.661213232,1.517215819,0,0,0,0,0,0,0,0,0,1.983567516,3.993458786,6.022870143
GBR_FHC_FO..MAR,GBR,FHC,FO,MAR,"GBR_FHC_FO..MAR = GBR_FH_FO*(GBR_FHC_QP..MAR-GBR_FH_CR-GBR_FH_OU)/(GBR_FHA_
QP+GBR_FHC_QP-GBR_FH_CR-GBR_FH_OU)",Scalar TS,Numeric,910.430599,948.0896979,952.4211362,991.0516758,935.3856021,907.8104773,1021.269879,942.3262845,916.7156981,988.9375446,969.7021045,957.4154434,962.6698013,971.632521,977.2277627,981.4858706,982.4128368,985.1556955,989.8001904,994.3712377,997.7888203
IDN_FHA_FO..INL,IDN,FHA,FO,INL,IDN_FHA_FO..INL = IDN_FH_FO*IDN_FHA_QP..INL/(IDN_FH_QP-IDN_FH_CR-IDN_FH_OU),Scalar TS,Numeric,1256.379967,1609.027733,1891.121548,2408.987611,2709.492965,2808.341927,3180.794267,3480.288662,3261.147787,3281.914762,3511.049031,3710.719538,3901.379825,4071.161202,4266.331951,4462.051831,4633.257115,4830.934885,5010.011755,5170.038093,5375.407951
IDN_FHA_FO..MAR,IDN,FHA,FO,MAR,IDN_FHA_FO..MAR = IDN_FH_FO*IDN_FHA_QP..MAR/(IDN_FH_QP-IDN_FH_CR-IDN_FH_OU),Scalar TS,Numeric,778.4894966,812.4978236,775.9106154,1110.687586,1071.306892,1152.140862,1292.970912,1571.451671,1717.092714,1588.011621,1687.430212,1779.467037,1867.213987,1943.411674,2033.152156,2125.378754,2201.921662,2290.689741,2372.143021,2455.301872,2559.994107
IDN_FHC_FO..INL,IDN,FHC,FO,INL,IDN_FHC_FO..INL = IDN_FH_FO*IDN_FHC_QP..INL/(IDN_FH_QP-IDN_FH_CR-IDN_FH_OU),Scalar TS,Numeric,304.6254104,328.3571671,342.3247605,365.981832,398.6334571,431.4749347,395.6843651,395.7253785,467.0351576,411.2269548,407.9676838,407.0999823,412.4891233,420.0858801,425.1752282,431.1813324,435.5089199,444.6655908,463.8739499,482.3855491,503.3468764
IDN_FHC_FO..MAR,IDN,FHC,FO,MAR,"IDN_FHC_FO..MAR = IDN_FH_FO*(IDN_FHC_QP..MAR-IDN_FH_CR-IDN_FH_OU)/(IDN_FH_
QP-IDN_FH_CR-IDN_FH_OU)",Scalar TS,Numeric,4424.131872,4785.907082,4738.60107,5034.980615,5310.214666,5635.718037,5535.177285,5732.935368,6078.236811,5651.338045,5604.651568,5591.587354,5665.994376,5771.708234,5842.208211,5925.311651,5985.524525,6112.116118,6191.490672,6256.670211,6348.371456
IND_FHA_FO..INL,IND,FHA,FO,INL,IND_FHA_FO..INL = IND_FH_FO*IND_FHA_QP..INL/(IND_FH_QP-IND_FH_CR-IND_FH_OU),Scalar TS,Numeric,3242.54933,2909.793511,3409.871035,3699.989391,3925.338633,4190.284962,4540.935787,4761.326027,5513.341399,6175.738619,6440.47006,6635.905864,6874.887322,7087.624085,7322.474669,7588.033434,7825.940351,8059.903888,8212.752287,8410.184285,8657.416006
IND_FHA_FO..MAR,IND,FHA,FO,MAR,IND_FHA_FO..MAR = IND_FH_FO*IND_FHA_QP..MAR/(IND_FH_QP-IND_FH_CR-IND_FH_OU),Scalar TS,Numeric,122.1383608,275.8157386,320.4087363,351.8790384,428.4907063,542.9324294,558.0921904,659.7991846,709.1689153,808.1724849,867.4248424,903.2776628,950.0218818,1002.49861,1058.897563,1118.424802,1178.996329,1243.588731,1310.458863,1369.233096,1453.619574
IND_FHC_FO..INL,IND,FHC,FO,INL,IND_FHC_FO..INL = IND_FH_FO*IND_FHC_QP..INL/(IND_FH_QP-IND_FH_CR-IND_FH_OU),Scalar TS,Numeric,1283.520201,920.2180999,1297.037328,1093.481029,1118.716004,1211.29332,1307.912306,1397.47485,1497.160991,1342.507859,1443.420672,1420.453561,1429.9243,1436.327142,1443.243955,1450.834685,1457.588286,1464.04372,1475.003743,1486.615578,1499.830872
IND_FHC_FO..MAR,IND,FHC,FO,MAR,"IND_FHC_FO..MAR = IND_FH_FO*(IND_FHC_QP..MAR-IND_FH_CR-IND_FH_OU)/(IND_FH_
QP-IND_FH_CR-IND_FH_OU)",Scalar TS,Numeric,2253.707122,2205.113101,2400.028202,2443.646776,2560.282253,2461.783259,2430.703953,2524.808365,2185.977352,2416.557442,2660.489323,2595.464469,2614.635107,2628.209977,2642.735847,2658.507739,2672.757409,2686.470551,2687.269865,2689.150664,2693.798422
IRN_FHA_FO..INL,IRN,FHA,FO,INL,IRN_FHA_FO..INL = IRN_FH_FO*IRN_FHA_QP..INL/(IRN_FH_QP-IRN_FH_CR-IRN_FH_OU),Scalar TS,Numeric,229.4520255,243.5002399,280.1910931,301.6439149,300.8869984,326.6425053,362.8201704,348.4034245,341.7561691,341.5124099,368.8404059,380.8987857,368.5347938,379.9851315,388.7291736,414.8684294,431.3224824,450.3087759,469.759691,493.9862308,516.1393557
IRN_FHA_FO..MAR,IRN,FHA,FO,MAR,IRN_FHA_FO..MAR = IRN_FH_FO*IRN_FHA_QP..MAR/(IRN_FH_QP-IRN_FH_CR-IRN_FH_OU),Scalar TS,Numeric,6.828526642,8.169058692,9.933231285,12.25189901,22.8494381,20.30877609,31.16523098,44.09120649,64.44110996,65.56329407,63.01890797,58.52820154,59.43727425,60.61851422,61.92284597,61.18594227,60.45134693,59.85684107,59.80596602,59.72723113,59.96590059
IRN_FHC_FO..INL,IRN,FHC,FO,INL,IRN_FHC_FO..INL = IRN_FH_FO*IRN_FHC_QP..INL/(IRN_FH_QP-IRN_FH_CR-IRN_FH_OU),Scalar TS,Numeric,80.69344779,77.27322899,80.89536672,82.95359626,92.33001108,88.25897374,93.80147696,92.60750387,97.57203799,90.81002525,95.52769729,95.99512272,95.24291059,95.3575556,95.77862388,94.99283934,94.16314965,92.90423288,93.2344965,93.50901145,93.35892345
IRN_FHC_FO..MAR,IRN,FHC,FO,MAR,"IRN_FHC_FO..MAR = IRN_FH_FO*(IRN_FHC_QP..MAR-IRN_FH_CR-IRN_FH_OU)/(IRN_FH_
QP-IRN_FH_CR-IRN_FH_OU)",Scalar TS,Numeric,323.3880257,357.1902083,365.5159061,365.2750565,403.2413183,415.1911748,439.7164417,456.2672729,539.048005,528.1445306,568.2185276,586.3940466,597.7630282,615.2037371,635.5091323,648.5843598,661.9482111,672.8277277,681.9401128,690.7126369,696.3805166
ISR_FHA_FO..INL,ISR,FHA,FO,INL,"ISR_FHA_FO..INL = ISR_FH_FO*ISR_FHA_QP..INL/(ISR_FHC_QP+ISR_FHA_QP-ISR_FH_
CR-ISR_FH_OU)",Scalar TS,Numeric,129.8264169,142.945,120.9192937,132.1471846,150.8846151,157.9655575,165.1314193,166.3804111,155.1279804,153.6776209,156.101334,158.9095343,164.9622224,170.2500485,175.3532864,179.3656485,182.8793851,186.1982904,190.5686108,194.8372608,199.006918
ISR_FHA_FO..MAR,ISR,FHA,FO,MAR,"ISR_FHA_FO..MAR = ISR_FH_FO*ISR_FHA_QP..MAR/(ISR_FHC_QP+ISR_FHA_QP-ISR_FH_
CR-ISR_FH_OU)",Scalar TS,Numeric,14.91421432,17.98,18.67961667,23.61871217,27.1262167,20.54097583,23.7928285,29.32397135,27.3123978,27.11958016,27.54729423,28.04285899,29.11098042,30.0441262,30.9446976,31.6527615,32.27283267,32.85852184,33.62975485,34.38304602,35.11886789
ISR_FHC_FO..INL,ISR,FHC,FO,INL,"ISR_FHC_FO..INL = ISR_FH_FO*ISR_FHC_QP..INL/(ISR_FHC_QP+ISR_FHA_QP-ISR_FH_
CR-ISR_FH_OU)",Scalar TS,Numeric,3.099246488,3.57,6.519337191,2.429073243,4.563701281,4.571730461,3.306224279,10.73868028,10.00202544,9.823977065,9.57173197,9.633689302,9.88714925,10.08792833,10.27164836,10.3862656,10.46791876,10.53482496,10.6831432,10.86221777,10.86980044
ISR_FHC_FO..MAR,ISR,FHC,FO,MAR,"ISR_FHC_FO..MAR = ISR_FH_FO*(ISR_FHC_QP..MAR-ISR_FH_CR-ISR_FH_OU)/(ISR_FHC_
QP+ISR_FHA_QP-ISR_FH_CR-ISR_FH_OU)",Scalar TS,Numeric,15.90364513,12.47,14.44547872,10.29731049,9.70117545,10.74311214,7.501433334,7.500945128,12.04106496,12.00708308,11.69878352,11.77450915,12.08429353,12.32969018,12.55423688,12.69432463,12.79412293,12.87589717,12.99928465,13.15860879,13.10946372
JPN_FHA_FO..INL,JPN,FHA,FO,INL,JPN_FHA_FO..INL = JPN_FH_FO*JPN_FHA_QP..INL/(JPN_FH_QP-JPN_FH_CR-JPN_FH_OU),Scalar TS,Numeric,70.7186671,76.99539799,67.56169934,58.58762752,63.18841658,67.35590526,68.63809437,74.50204954,59.07855077,68.41727695,60.90314014,58.93031048,58.67649819,58.37564328,57.77508408,56.44000412,55.25133143,54.04566637,52.69574099,51.30093404,49.70159541
JPN_FHA_FO..MAR,JPN,FHA,FO,MAR,JPN_FHA_FO..MAR = JPN_FH_FO*JPN_FHA_QP..MAR/(JPN_FH_QP-JPN_FH_CR-JPN_FH_OU),Scalar TS,Numeric,1206.752527,1017.9803,1178.75153,1098.821815,1133.53492,1229.629521,1240.018002,1159.919356,1204.609567,1278.481739,1181.49186,1198.450867,1225.810944,1245.112263,1246.534923,1239.285195,1226.755486,1226.034333,1217.357082,1205.252492,1207.947382
JPN_FHC_FO..INL,JPN,FHC,FO,INL,JPN_FHC_FO..INL = JPN_FH_FO*JPN_FHC_QP..INL/(JPN_FH_QP-JPN_FH_CR-JPN_FH_OU),Scalar TS,Numeric,70.86272595,67.20522089,64.70897613,58.16420774,56.52251978,60.52397645,54.01832336,50.58347728,53.12037258,50.38352876,47.08445132,46.52547122,46.33058071,46.19864247,45.89105597,45.36608566,45.02354225,44.91552405,56.22052153,67.56016077,78.54898453
JPN_FHC_FO..MAR,JPN,FHC,FO,MAR,"JPN_FHC_FO..MAR = JPN_FH_FO*(JPN_FHC_QP..MAR-JPN_FH_CR-JPN_FH_OU)/(JPN_FH_
QP-JPN_FH_CR-JPN_FH_OU)",Scalar TS,Numeric,5426.670778,5404.586199,5294.633174,4997.111007,5031.581073,4736.428306,4431.4116,4559.648143,4351.97051,4411.940652,4434.152432,4376.231093,4362.213988,4348.505545,4318.20287,4265.20165,4224.893742,4215.436708,4215.668527,4214.010152,4189.043573
KAZ_FHA_FO..INL,KAZ,FHA,FO,INL,KAZ_FHA_FO..INL = KAZ_FH_FO*UKR_FHA_QP..INL/(UKR_FH_QP-UKR_FH_CR-UKR_FH_OU),Scalar TS,Numeric,8.459008432,9.350635344,10.605348,8.532739237,11.68030716,13.34106672,16.5476032,12.75703233,14.2481916,15.46091163,12.82703196,12.58502375,12.50150488,12.48484701,12.37527305,12.26166157,12.13233082,12.05160894,11.99088027,11.89786924,11.96741076
KAZ_FHA_FO..MAR,KAZ,FHA,FO,MAR,KAZ_FHA_FO..MAR = KAZ_FH_FO*UKR_FHA_QP..MAR/(UKR_FH_QP-UKR_FH_CR-UKR_FH_OU),Scalar TS,Numeric,0.093133287,0.193697289,0.308269587,0.383591598,0.4916818,0.608370655,0,0,0,0,0,0,0,0,0,0,0,0,0,0,0
KAZ_FHC_FO..INL,KAZ,FHC,FO,INL,KAZ_FHC_FO..INL = KAZ_FH_FO*UKR_FHC_QP..INL/(UKR_FH_QP-UKR_FH_CR-UKR_FH_OU),Scalar TS,Numeric,1.735495785,1.855117555,2.431188804,10.69439524,10.18085202,12.61647845,18.31353768,16.47935678,22.79811184,27.48606513,27.92280555,28.47630822,29.33399243,30.31410471,31.03283628,31.69880761,32.28103628,32.95296448,33.74677049,34.54872418,35.28086851
KAZ_FHC_FO..MAR,KAZ,FHC,FO,MAR,"KAZ_FHC_FO..MAR = KAZ_FH_FO*(UKR_FHC_QP..MAR-UKR_FH_CR-UKR_FH_OU)/(UKR_FH_
QP-UKR_FH_CR-UKR_FH_OU)",Scalar TS,Numeric,74.07873992,68.47199183,68.57571994,61.79518285,61.09706794,62.89862669,40.21239196,42.64151376,35.573299,41.22909769,41.88420832,42.71446233,44.00098865,45.47115706,46.54925442,47.54821141,48.42155442,49.42944672,50.36781199,51.30794625,52.13456388
KOR_FHA_FO..INL,KOR,FHA,FO,INL,"KOR_FHA_FO..INL = KOR_FH_FO*KOR_FHA_QP..INL/(KOR_FHC_QP+KOR_FHA_QP-KOR_FH_
CR-KOR_FH_OU)",Scalar TS,Numeric,30.76144563,31.53102231,28.96025901,26.15079724,30.90348766,37.40868846,44.11640166,47.84724085,51.79368774,36.53901957,38.94584757,40.13446435,41.99572994,43.44217475,45.19066034,46.9079778,48.4351946,50.22061685,52.11292604,54.0688296,55.70294561
KOR_FHA_FO..MAR,KOR,FHA,FO,MAR,"KOR_FHA_FO..MAR = KOR_FH_FO*KOR_FHA_QP..MAR/(KOR_FHC_QP+KOR_FHA_QP-KOR_FH_
CR-KOR_FH_OU)",Scalar TS,Numeric,627.2219054,702.2613369,666.4458718,550.5276275,684.180085,712.1724217,816.8916138,934.9432477,963.0983112,917.1024156,972.4748163,990.7989394,1020.736789,1039.714011,1063.065367,1085.113491,1105.870801,1132.56737,1156.456863,1177.641801,1210.035623
KOR_FHC_FO..INL,KOR,FHC,FO,INL,"KOR_FHC_FO..INL = KOR_FH_FO*KOR_FHC_QP..INL/(KOR_FHC_QP+KOR_FHA_QP-KOR_FH_
CR-KOR_FH_OU)",Scalar TS,Numeric,14.19014017,14.88128797,14.59795864,10.29483293,13.42212554,14.28138409,15.42980767,9.817720244,10.26588212,11.49458013,11.46211044,11.24658293,11.31716514,11.37243356,11.37546328,11.35355153,11.27066314,11.23396382,15.66312361,20.06262028,24.25938203
KOR_FHC_FO..MAR,KOR,FHC,FO,MAR,"KOR_FHC_FO..MAR = KOR_FH_FO*(KOR_FHC_QP..MAR-KOR_FH_CR-KOR_FH_OU)/(KOR_FHC_
QP+KOR_FHA_QP-KOR_FH_CR-KOR_FH_OU)",Scalar TS,Numeric,2136.395059,2125.506098,2059.334783,2004.98432,2021.621882,2089.967115,1957.341362,1874.270692,1875.913621,1899.880242,1890.625403,1852.891947,1866.210191,1880.935193,1883.164511,1881.315314,1869.370204,1865.121114,1857.537584,1849.490803,1828.229404
MEX_FHA_FO..INL,MEX,FHA,FO,INL,MEX_FHA_FO..INL = MEX_FH_FO*MEX_FHA_QP..INL/(MEX_FH_QP-MEX_FH_CR-MEX_FH_OU),Scalar TS,Numeric,16.42538978,20.85884341,38.84333819,46.39891896,97.92673674,78.08878244,91.98027327,81.72520461,76.29293725,74.86111366,83.07079726,90.8992877,95.75355631,94.15565747,96.34877055,97.79875317,103.2255652,103.0865897,97.93899103,97.65982332,97.63674862
MEX_FHA_FO..MAR,MEX,FHA,FO,MAR,MEX_FHA_FO..MAR = MEX_FH_FO*MEX_FHA_QP..MAR/(MEX_FH_QP-MEX_FH_CR-MEX_FH_OU),Scalar TS,Numeric,119.774581,119.8708727,116.850703,85.71632641,128.0492695,176.7381154,178.6888827,196.6248279,192.3641699,192.2544659,206.6386285,232.0573603,251.6091241,253.405762,268.271109,284.8323958,312.2467945,331.0948366,334.6305865,355.6304238,371.2678036
MEX_FHC_FO..INL,MEX,FHC,FO,INL,MEX_FHC_FO..INL = MEX_FH_FO*MEX_FHC_QP..INL/(MEX_FH_QP-MEX_FH_CR-MEX_FH_OU),Scalar TS,Numeric,125.5964021,116.0634282,116.5636778,137.1548905,143.9086841,182.3812179,244.2036958,192.297695,243.0432357,213.6431685,224.9863422,223.3372487,229.7261862,238.8995986,242.4844546,245.7141336,242.881562,244.8381814,254.9361772,260.1222147,265.9950418
MEX_FHC_FO..MAR,MEX,FHC,FO,MAR,"MEX_FHC_FO..MAR = MEX_FH_FO*(MEX_FHC_QP..MAR-MEX_FH_CR-MEX_FH_OU)/(MEX_FH_
QP-MEX_FH_CR-MEX_FH_OU)",Scalar TS,Numeric,1168.863277,1042.756417,1115.304456,1283.865656,1413.023695,1408.450928,1432.626213,1361.620126,1422.848202,1397.024007,1397.660254,1375.590596,1404.760076,1447.705996,1456.387428,1461.571981,1441.243134,1451.681543,1483.331845,1486.073812,1491.742709
MYS_FHA_FO..INL,MYS,FHA,FO,INL,MYS_FHA_FO..INL = MYS_FH_FO*MYS_FHA_QP..INL/(MYS_FH_QP-MYS_FH_CR-MYS_FH_OU),Scalar TS,Numeric,173.9312474,135.2050664,191.8077054,163.0647384,139.2874793,135.96517,121.4652888,122.8644713,120.1887045,115.3887068,122.8184857,123.3142199,124.9986437,125.8601036,126.3938385,126.764096,126.7482931,127.3535328,128.0442893,128.9554802,129.6635542
MYS_FHA_FO..MAR,MYS,FHA,FO,MAR,MYS_FHA_FO..MAR = MYS_FH_FO*MYS_FHA_QP..MAR/(MYS_FH_QP-MYS_FH_CR-MYS_FH_OU),Scalar TS,Numeric,243.2942345,181.857211,161.9487592,154.5895513,202.3846217,155.0173879,109.5585464,143.6332724,136.0861544,137.394364,145.7804065,153.9274966,161.8651528,169.1224787,177.0954865,186.4048327,194.8543521,204.4177579,213.1231295,219.6424738,228.2889583
MYS_FHC_FO..INL,MYS,FHC,FO,INL,MYS_FHC_FO..INL = MYS_FH_FO*MYS_FHC_QP..INL/(MYS_FH_QP-MYS_FH_CR-MYS_FH_OU),Scalar TS,Numeric,5.079108456,6.214472516,5.810317695,6.820670083,8.122819526,4.632936335,5.640055751,4.107543515,11.12095779,6.934468086,6.97262633,6.968697043,7.074619524,7.169426194,7.253826542,7.330642968,7.385188122,7.466253608,11.29069307,15.18288167,19.12390915
MYS_FHC_FO..MAR,MYS,FHC,FO,MAR,"MYS_FHC_FO..MAR = MYS_FH_FO*(MYS_FHC_QP..MAR-MYS_FH_CR-MYS_FH_OU)/(MYS_FH_
QP-MYS_FH_CR-MYS_FH_OU)",Scalar TS,Numeric,1297.312699,1288.328589,1408.24354,1455.421573,1370.897447,1460.853467,1550.978715,1526.780215,1523.286971,1533.299675,1582.099813,1583.693671,1612.204799,1636.913621,1659.180147,1679.235486,1693.131174,1714.945115,1730.250385,1745.125044,1757.664045
NEO_FHA_FO..INL,NEO,FHA,FO,INL,NEO_FHA_FO..INL = NEO_FH_FO*NEO_FHA_QP..INL/(NEO_FH_QP-NEO_FH_CR-NEO_FH_OU),Scalar TS,Numeric,51.83257741,42.36151204,54.46699938,32.83847776,55.78423935,53.59264189,62.72531995,79.02347444,41.85952553,44.9863167,45.58638137,47.49448278,49.13776207,49.90090344,52.30545859,55.65589409,59.28344463,63.8988451,68.63153223,73.35416915,77.59002226
NEO_FHA_FO..MAR,NEO,FHA,FO,MAR,NEO_FHA_FO..MAR = NEO_FH_FO*NEO_FHA_QP..MAR/(NEO_FH_QP-NEO_FH_CR-NEO_FH_OU),Scalar TS,Numeric,0.888221017,1.264308884,1.26608214,1.929040632,1.881842262,1.845469188,5.532234561,7.535653318,5.346957757,5.920764604,5.622617156,5.737899561,5.871179732,5.949592293,6.080134984,6.223297392,6.351727485,6.506238172,6.661452338,6.795676407,7.03048747
NEO_FHC_FO..INL,NEO,FHC,FO,INL,NEO_FHC_FO..INL = NEO_FH_FO*NEO_FHC_QP..INL/(NEO_FH_QP-NEO_FH_CR-NEO_FH_OU),Scalar TS,Numeric,27.22604946,59.65592843,78.18623876,101.3770035,109.453843,53.98990532,58.73211531,69.04013648,44.02993699,52.48795975,54.69552422,55.30882566,56.62487494,57.97246347,59.2356478,60.60009414,61.7980455,63.22518221,67.08887337,71.05433031,75.16077173
NEO_FHC_FO..MAR,NEO,FHC,FO,MAR,"NEO_FHC_FO..MAR = NEO_FH_FO*(NEO_FHC_QP..MAR-NEO_FH_CR-NEO_FH_OU)/(NEO_FH_
QP-NEO_FH_CR-NEO_FH_OU)",Scalar TS,Numeric,633.4161408,612.3550408,724.7235501,731.2978107,777.7379455,766.8189317,780.4610962,767.9432088,880.2824562,881.4683649,925.2470275,936.0622355,959.9334413,985.5416592,1008.58395,1033.378037,1055.357953,1081.277286,1104.436814,1127.434659,1150.878998
NGA_FHA_FO..INL,NGA,FHA,FO,INL,NGA_FHA_FO..INL = NGA_FH_FO*NGA_FHA_QP..INL/(NGA_FH_QP-NGA_FH_CR-NGA_FH_OU),Scalar TS,Numeric,547.8453774,643.532075,620.8524644,646.9770198,638.8016555,627.5622619,502.4452923,424.9651215,429.1429239,430.1158747,482.9515548,507.9607566,531.7952567,550.7034183,572.2118649,593.2775584,614.348348,638.843275,662.0512923,686.0820093,712.1668742
NGA_FHA_FO..MAR,NGA,FHA,FO,MAR,NGA_FHA_FO..MAR = NGA_FH_FO*NGA_FHA_QP..MAR/(NGA_FH_QP-NGA_FH_CR-NGA_FH_OU),Scalar TS,Numeric,0,0,0,0,0,0,0.065523451,0.172241843,0.13261843,0.106677551,0.152796161,0.152740346,0.152867926,0.15244636,0.15255707,0.152780985,0.152820402,0.153240828,0.153447774,0.153548724,0.153590896
NGA_FHC_FO..INL,NGA,FHC,FO,INL,NGA_FHC_FO..INL = NGA_FH_FO*NGA_FHC_QP..INL/(NGA_FH_QP-NGA_FH_CR-NGA_FH_OU),Scalar TS,Numeric,801.4958611,876.7952819,762.9503051,788.0994713,722.8960978,669.4628866,618.5938005,602.9583633,577.9039637,603.7762778,622.082934,620.1751939,625.2165237,634.335205,639.3099914,644.841189,649.5294611,655.9230643,662.8289638,669.3822153,675.7055888
NGA_FHC_FO..MAR,NGA,FHC,FO,MAR,"NGA_FHC_FO..MAR = NGA_FH_FO*(NGA_FHC_QP..MAR-NGA_FH_CR-NGA_FH_OU)/(NGA_FH_
QP-NGA_FH_CR-NGA_FH_OU)",Scalar TS,Numeric,884.0462576,972.6115061,872.3424856,886.4253259,826.6931327,737.9855755,584.9589747,712.2286313,716.090894,675.4107515,695.8893838,693.7553017,699.3947553,709.5953141,715.1603294,721.3477708,726.5922785,733.7444448,738.3348811,742.4829459,746.3295415
NOR_FHA_FO..INL,NOR,FHA,FO,INL,NOR_FHA_FO..INL = NOR_FH_FO*NOR_FHA_QP..INL/(NOR_FH_QP-NOR_FH_CR-NOR_FH_OU),Scalar TS,Numeric,0.007758209,0.006896731,0.00758947,0.010028374,0.006582158,0.007838825,0.007802735,0.009401305,0.012516497,0,0,0,0,0,0,0,0,0,0,0,0
NOR_FHA_FO..MAR,NOR,FHA,FO,MAR,NOR_FHA_FO..MAR = NOR_FH_FO*NOR_FHA_QP..MAR/(NOR_FH_QP-NOR_FH_CR-NOR_FH_OU),Scalar TS,Numeric,89.96081283,107.5623031,117.6754394,121.3913826,116.9049808,125.7666924,132.9954132,127.0062364,132.0164529,141.3900463,143.3904479,144.2410228,146.968978,149.9049266,154.0826893,154.730308,158.2080684,162.3018817,166.4876043,169.3247627,171.4253668
NOR_FHC_FO..INL,NOR,FHC,FO,INL,NOR_FHC_FO..INL = NOR_FH_FO*NOR_FHC_QP..INL/(NOR_FH_QP-NOR_FH_CR-NOR_FH_OU),Scalar TS,Numeric,0.038552844,0.041940854,0.04409375,0.032493955,0.028164124,0.037162918,0.039414844,0.041158008,0.030109752,0,0,0,0,0,0,0,0,0,0.563259055,1.145801635,1.749765926
NOR_FHC_FO..MAR,NOR,FHC,FO,MAR,"NOR_FHC_FO..MAR = NOR_FH_FO*(NOR_FHC_QP..MAR-NOR_FH_CR-NOR_FH_OU)/(NOR_FH_
QP-NOR_FH_CR-NOR_FH_OU)",Scalar TS,Numeric,174.9029628,153.4628999,147.1333601,141.1311682,144.4752896,134.3536036,137.1102026,155.0260067,160.9636468,159.8587577,168.7367039,169.9044919,174.4952127,179.2791023,182.2793321,186.9569371,188.6280738,190.9166308,192.9953719,195.8530018,198.9336427
NZL_FHA_FO..INL,NZL,FHA,FO,INL,NZL_FHA_FO..INL = NZL_FH_FO*NZL_FHA_QP..INL/(NZL_FH_QP-NZL_FH_CR-NZL_FH_OU),Scalar TS,Numeric,0.149074903,0.154832245,0.264084524,0.130000178,0.248276555,0.413703589,0.372687037,0.378728502,0.462244686,0.480721259,0.536513192,0.592080299,0.63475489,0.683134471,0.730555285,0.777145629,0.835350394,0.876764644,0.924335765,0.958426531,0.999402498
NZL_FHA_FO..MAR,NZL,FHA,FO,MAR,NZL_FHA_FO..MAR = NZL_FH_FO*NZL_FHA_QP..MAR/(NZL_FH_QP-NZL_FH_CR-NZL_FH_OU),Scalar TS,Numeric,26.22931179,26.74377226,21.72342173,21.90491662,24.92042847,22.23424169,26.85484581,26.27177409,24.29555228,24.61717579,26.29003555,27.82037428,28.92116097,30.04753645,30.95871156,31.85964743,33.17239865,33.96367623,34.94216024,35.75465017,36.96072028
NZL_FHC_FO..INL,NZL,FHC,FO,INL,NZL_FHC_FO..INL = NZL_FH_FO*NZL_FHC_QP..INL/(NZL_FH_QP-NZL_FH_CR-NZL_FH_OU),Scalar TS,Numeric,0.212759702,0.227087293,0.236205277,0.307417525,0.210056374,0.206442383,0.201553705,0.187086391,0.19347024,0.205127043,0.208690412,0.20781571,0.209209095,0.209578299,0.210021347,0.211583762,0.213012612,0.215916532,0.437189533,0.664562688,0.893810848
NZL_FHC_FO..MAR,NZL,FHC,FO,MAR,"NZL_FHC_FO..MAR = NZL_FH_FO*(NZL_FHC_QP..MAR-NZL_FH_CR-NZL_FH_OU)/(NZL_FH_
QP-NZL_FH_CR-NZL_FH_OU)",Scalar TS,Numeric,87.6016605,84.60332061,87.27784977,92.19236037,87.3108366,89.77539083,94.23272585,87.61458502,86.12979159,92.70535721,90.48234175,89.90390936,90.70286367,90.76571827,90.84451116,91.26864181,91.37773174,92.51132791,93.33495061,94.18147111,94.4487841
OCE_FHA_FO..INL,OCE,FHA,FO,INL,OCE_FHA_FO..INL = OCE_FH_FO*OCE_FHA_QP..INL/(OCE_FH_QP-OCE_FH_CR-OCE_FH_OU),Scalar TS,Numeric,0.960033188,1.007925374,0.928098377,0.986714679,0.907308935,0.922020107,0.888653433,0.95290129,1.128875633,1.23532017,1.225258195,1.264560802,1.330384694,1.39691197,1.460691717,1.52810105,1.621354449,1.730474244,1.851618044,1.976197587,2.142574824
OCE_FHA_FO..MAR,OCE,FHA,FO,MAR,OCE_FHA_FO..MAR = OCE_FH_FO*OCE_FHA_QP..MAR/(OCE_FH_QP-OCE_FH_CR-OCE_FH_OU),Scalar TS,Numeric,0.701651409,0.903033377,0.912872588,0.916573782,0.872416846,0.681861041,0.802333966,0.805229316,1.026937324,1.052309774,1.043738463,1.077218461,1.133290665,1.189962048,1.244292944,1.301715709,1.38115379,1.474107689,1.577304259,1.683427574,1.825156332
OCE_FHC_FO..INL,OCE,FHC,FO,INL,OCE_FHC_FO..INL = OCE_FH_FO*OCE_FHC_QP..INL/(OCE_FH_QP-OCE_FH_CR-OCE_FH_OU),Scalar TS,Numeric,7.728982827,8.677424171,8.0196869,8.396786508,7.605109328,7.542125648,7.148739042,7.507085814,9.047011276,10.36589704,10.13469296,10.1839847,10.44803728,10.68917429,10.92025774,11.14092638,11.52557429,11.89268662,13.3179095,14.81349193,16.37787809
OCE_FHC_FO..MAR,OCE,FHC,FO,MAR,"OCE_FHC_FO..MAR = OCE_FH_FO*(OCE_FHC_QP..MAR-OCE_FH_CR-OCE_FH_OU)/(OCE_FH_
QP-OCE_FH_CR-OCE_FH_OU)",Scalar TS,Numeric,221.0777223,220.7604062,229.6775863,232.2497525,246.1563244,260.7355095,278.6468243,282.1732288,329.3753667,340.8134087,333.2954616,336.6713502,347.2990461,357.1198814,366.8992988,376.1779665,391.0303695,404.5159773,417.2970193,430.0220158,442.6298195
PAK_FHA_FO..INL,PAK,FHA,FO,INL,PAK_FHA_FO..INL = PAK_FH_FO*PAK_FHA_QP..INL/(PAK_FH_QP-PAK_FH_CR-PAK_FH_OU),Scalar TS,Numeric,98.2955667,96.8064335,94.72716746,101.7039292,100.2190987,108.7096446,112.3341538,102.1261886,90.56963418,85.91009755,93.15557463,92.86679952,89.25857094,95.72272303,102.262836,108.8699095,113.8560411,118.4056368,122.2192537,125.7904093,128.2026439
PAK_FHA_FO..MAR,PAK,FHA,FO,MAR,PAK_FHA_FO..MAR = PAK_FH_FO*PAK_FHA_QP..MAR/(PAK_FH_QP-PAK_FH_CR-PAK_FH_OU),Scalar TS,Numeric,0.07091323,0.071668022,0.071680545,0.076960976,0.077733239,0.085640645,0.089835701,0.083731272,0.074642798,0.067062283,0.081304165,0.081642865,0.084511274,0.086014783,0.087442141,0.08886083,0.09087229,0.092865741,0.095299183,0.097820878,0.10079791
PAK_FHC_FO..INL,PAK,FHC,FO,INL,PAK_FHC_FO..INL = PAK_FH_FO*PAK_FHC_QP..INL/(PAK_FH_QP-PAK_FH_CR-PAK_FH_OU),Scalar TS,Numeric,80.98712162,80.69341456,79.80433995,84.62615128,86.6793204,95.32451544,98.38087273,90.36162035,80.47291368,68.16322103,73.16435607,71.76013101,73.96936813,74.16373875,74.21232658,74.17314572,73.79749851,74.78999607,75.71452914,76.59713426,77.71468064
PAK_FHC_FO..MAR,PAK,FHC,FO,MAR,"PAK_FHC_FO..MAR = PAK_FH_FO*(PAK_FHC_QP..MAR-PAK_FH_CR-PAK_FH_OU)/(PAK_FH_
QP-PAK_FH_CR-PAK_FH_OU)",Scalar TS,Numeric,158.3478389,167.2301618,168.9961764,174.7412693,175.6223679,188.1704899,168.7179144,181.4885056,139.1399993,127.0923701,145.8406042,142.9251957,147.3047575,147.7707625,147.4968169,147.7136608,147.3578781,149.3342379,150.5218853,151.719616,153.4770572
PER_FHA_FO..INL,PER,FHA,FO,INL,PER_FHA_FO..INL = PER_FH_FO*PER_FHA_QP..INL/(PER_FH_QP-PER_FH_CR-PER_FH_OU),Scalar TS,Numeric,11.00794533,12.20862901,16.72070844,23.46929907,19.85104453,28.55057522,40.1974731,45.86341002,35.14228618,44.91642864,44.69010731,60.71062297,57.08397346,63.65079422,69.14794034,75.63340407,95.02185571,85.25767709,89.83461864,94.55536268,99.50328047
PER_FHA_FO..MAR,PER,FHA,FO,MAR,PER_FHA_FO..MAR = PER_FH_FO*PER_FHA_QP..MAR/(PER_FH_QP-PER_FH_CR-PER_FH_OU),Scalar TS,Numeric,45.57047853,35.47110583,24.08549422,50.12807222,39.30138794,28.21309378,28.33124948,29.62659866,24.15335031,31.57532383,30.36101921,41.13574733,37.12470491,39.74805705,41.86086595,44.6132064,56.24305874,48.09235191,48.79049256,50.10545464,52.23869869
PER_FHC_FO..INL,PER,FHC,FO,INL,PER_FHC_FO..INL = PER_FH_FO*PER_FHC_QP..INL/(PER_FH_QP-PER_FH_CR-PER_FH_OU),Scalar TS,Numeric,28.19864425,19.02424541,19.00527843,15.99182795,12.66649464,23.39745679,15.11059254,21.53254427,11.14140894,15.71540717,17.99082513,16.68208131,18.544738,18.92756789,19.38024751,19.69730598,18.17276714,20.79208345,29.77717696,39.08045844,48.64211471
PER_FHC_FO..MAR,PER,FHC,FO,MAR,"PER_FHC_FO..MAR = PER_FH_FO*(PER_FHC_QP..MAR-PER_FH_CR-PER_FH_OU)/(PER_FH_
QP-PER_FH_CR-PER_FH_OU)",Scalar TS,Numeric,566.806859,599.9308305,633.0897946,592.3847053,658.2831095,684.0288515,675.9197666,690.8471926,772.8911836,779.0867944,817.1861188,757.739858,842.3461608,859.7352059,880.2969921,894.6985429,825.4503585,944.4259426,959.0121386,971.0575945,980.566088
PHL_FHA_FO..INL,PHL,FHA,FO,INL,PHL_FHA_FO..INL = PHL_FH_FO*PHL_FHA_QP..INL/(PHL_FH_QP-PHL_FH_CR-PHL_FH_OU),Scalar TS,Numeric,308.9070165,309.0056143,313.8306667,310.8197967,307.6305182,329.8581308,329.0855071,333.699747,351.1654991,354.6762353,356.7597786,362.444846,367.2413143,368.9271137,371.2023183,372.9730758,372.8316569,376.6491942,381.6964706,389.0349323,396.2835179
PHL_FHA_FO..MAR,PHL,FHA,FO,MAR,PHL_FHA_FO..MAR = PHL_FH_FO*PHL_FHA_QP..MAR/(PHL_FH_QP-PHL_FH_CR-PHL_FH_OU),Scalar TS,Numeric,413.7167989,438.9831761,462.3880174,458.548361,467.2562307,483.9822867,508.8157976,502.4731518,513.4395815,536.5524461,567.1026154,578.4796244,583.4596045,590.1716621,598.4064393,606.8207046,613.4226707,623.5432143,634.0271761,644.6735911,665.6058515
PHL_FHC_FO..INL,PHL,FHC,FO,INL,PHL_FHC_FO..INL = PHL_FH_FO*PHL_FHC_QP..INL/(PHL_FH_QP-PHL_FH_CR-PHL_FH_OU),Scalar TS,Numeric,179.9109583,187.0744544,192.170788,189.7196054,209.9747811,211.7010664,167.9341415,165.2518785,170.577562,199.3853537,197.9068348,200.9953738,205.0007075,208.4711869,211.0933923,213.5703094,215.1843673,217.6656721,223.9972741,229.7993894,234.6885077
PHL_FHC_FO..MAR,PHL,FHC,FO,MAR,"PHL_FHC_FO..MAR = PHL_FH_FO*(PHL_FHC_QP..MAR-PHL_FH_CR-PHL_FH_OU)/(PHL_FH_
QP-PHL_FH_CR-PHL_FH_OU)",Scalar TS,Numeric,2246.095247,1975.202514,1970.575972,1886.311725,1998.860876,2027.944982,1962.427992,1753.255097,1974.630508,2119.048992,2103.335431,2136.160136,2178.728449,2215.612382,2243.480937,2269.805382,2286.959439,2313.330515,2326.411185,2333.323987,2330.661801
PRY_FHA_FO..INL,PRY,FHA,FO,INL,PRY_FHA_FO..INL = PRY_FH_FO*SAC_FHA_QP..INL/(SAC_FH_QP-SAC_FH_CR-SAC_FH_OU),Scalar TS,Numeric,2.243454097,2.31563072,1.974806857,1.915581761,1.922221232,1.880220606,1.76023139,1.916310794,1.921487691,1.852569097,1.881875953,1.951868203,1.990436918,2.055336122,2.122294973,2.191542635,2.291434852,2.33887505,2.417138102,2.493035759,2.6039477
PRY_FHA_FO..MAR,PRY,FHA,FO,MAR,PRY_FHA_FO..MAR = PRY_FH_FO*SAC_FHA_QP..MAR/(SAC_FH_QP-SAC_FH_CR-SAC_FH_OU),Scalar TS,Numeric,5.190177479,6.15575891,6.049578444,6.593819784,6.914840138,7.587171804,7.221367887,7.991684563,9.069323455,9.03947368,9.618958811,9.940327647,10.10901746,10.43304309,10.77194458,11.12670474,11.63873546,11.88771071,12.29643357,12.69825554,13.16343362
PRY_FHC_FO..INL,PRY,FHC,FO,INL,PRY_FHC_FO..INL = PRY_FH_FO*SAC_FHC_QP..INL/(SAC_FH_QP-SAC_FH_CR-SAC_FH_OU),Scalar TS,Numeric,1.093582827,1.083676865,1.108323132,1.09848359,0.993923966,0.915348562,0.762143322,0.722357242,0.76793592,0.862880415,0.846839906,0.851426046,0.859827763,0.863578573,0.867621191,0.871958978,0.871590284,0.88150685,0.935633422,0.988546427,1.054864058
PRY_FHC_FO..MAR,PRY,FHC,FO,MAR,"PRY_FHC_FO..MAR = PRY_FH_FO*(SAC_FHC_QP..MAR-SAC_FH_CR-SAC_FH_OU)/(SAC_FH_
QP-SAC_FH_CR-SAC_FH_OU)",Scalar TS,Numeric,15.50855731,15.51146175,16.03332175,16.85006042,17.89331134,16.97687108,17.10895646,17.98486513,17.97740751,17.06679284,16.87395095,16.90442707,17.1359344,17.212286,17.2944667,17.38254512,17.31313272,17.57613814,17.63314395,17.65761222,17.90241758
RUS_FHA_FO..INL,RUS,FHA,FO,INL,RUS_FHA_FO..INL = RUS_FH_FO*RUS_FHA_QP..INL/(RUS_FH_QP-RUS_FH_CR-RUS_FH_OU),Scalar TS,Numeric,98.05678795,96.3274953,114.8913459,105.6059181,112.067816,96.64122769,104.1003062,105.2098084,108.0530819,120.7385684,121.2519487,129.2593162,133.8277262,141.8915234,149.9445409,158.4379036,164.9370228,171.0151773,176.7391069,181.6255862,185.9102974
RUS_FHA_FO..MAR,RUS,FHA,FO,MAR,RUS_FHA_FO..MAR = RUS_FH_FO*RUS_FHA_QP..MAR/(RUS_FH_QP-RUS_FH_CR-RUS_FH_OU),Scalar TS,Numeric,4.828741715,7.610386049,8.392466085,20.44510523,18.52149717,9.79547597,12.80086497,14.35249026,19.40434842,20.73648145,20.05077288,21.33937133,22.78434697,24.42708506,25.64628811,26.76557036,27.51723051,27.86349405,28.30886742,28.81457257,29.46748664
RUS_FHC_FO..INL,RUS,FHC,FO,INL,RUS_FHC_FO..INL = RUS_FH_FO*RUS_FHC_QP..INL/(RUS_FH_QP-RUS_FH_CR-RUS_FH_OU),Scalar TS,Numeric,224.756988,201.0019697,223.4257945,213.2478835,206.407971,199.5959512,198.1120073,174.7584183,171.8159765,204.5154011,203.4703228,201.7867475,204.7041866,207.5004347,209.759487,211.4328705,212.4449864,214.267161,222.8932232,231.440293,239.7319362
RUS_FHC_FO..MAR,RUS,FHC,FO,MAR,"RUS_FHC_FO..MAR = RUS_FH_FO*(RUS_FHC_QP..MAR-RUS_FH_CR-RUS_FH_OU)/(RUS_FH_
QP-RUS_FH_CR-RUS_FH_OU)",Scalar TS,Numeric,2912.935448,2922.983649,3107.579055,2997.28872,2919.469926,2616.381434,2680.441319,2627.664333,2740.720853,2829.530284,2828.5881,2807.284771,2850.592681,2892.863267,2927.355492,2953.827804,2971.190832,3000.009848,3022.639826,3042.716906,3058.214865
SAC_FHA_FO..INL,SAC,FHA,FO,INL,SAC_FHA_FO..INL = SAC_FH_FO*SAC_FHA_QP..INL/(SAC_FH_QP-SAC_FH_CR-SAC_FH_OU),Scalar TS,Numeric,102.5295363,102.8899046,95.58283402,83.78534905,85.07205118,79.26340153,78.65923829,82.43996975,83.48648778,89.81079286,89.49692487,92.56740677,95.32544429,98.85722135,102.2754116,105.8940928,110.3863384,113.9209544,118.5489505,123.2540645,128.4308408
SAC_FHA_FO..MAR,SAC,FHA,FO,MAR,SAC_FHA_FO..MAR = SAC_FH_FO*SAC_FHA_QP..MAR/(SAC_FH_QP-SAC_FH_CR-SAC_FH_OU),Scalar TS,Numeric,237.1996337,273.5174662,292.8062814,288.4061142,306.0311811,319.8481302,322.7003567,343.8034351,394.051945,438.2251109,457.4516363,471.4203303,484.1382172,501.806804,519.1102458,537.6360404,560.6781232,579.0216757,603.0806821,627.7934848,649.2414757
SAC_FHC_FO..INL,SAC,FHC,FO,INL,SAC_FHC_FO..INL = SAC_FH_FO*SAC_FHC_QP..INL/(SAC_FH_QP-SAC_FH_CR-SAC_FH_OU),Scalar TS,Numeric,49.97853099,48.15077305,53.6440643,48.04641226,43.98825123,38.58783399,34.05780257,31.07591388,33.3659555,41.83162414,40.27341299,40.3789052,41.17862909,41.53626127,41.81148969,42.13256154,41.98751712,42.93606949,45.88830077,48.87309164,52.02757258
SAC_FHC_FO..MAR,SAC,FHC,FO,MAR,"SAC_FHC_FO..MAR = SAC_FH_FO*(SAC_FHC_QP..MAR-SAC_FH_CR-SAC_FH_OU)/(SAC_FH_
QP-SAC_FH_CR-SAC_FH_OU)",Scalar TS,Numeric,708.766536,689.2173292,776.0304893,737.0023155,791.9071295,715.6843962,764.5457814,773.7115202,781.0982188,827.3819306,802.4794185,801.6929497,820.669344,827.8737228,833.4367853,839.9146867,834.0334557,856.0912358,864.8205527,872.9808496,882.9757
SAU_FHA_FO..INL,SAU,FHA,FO,INL,SAU_FHA_FO..INL = SAU_FH_FO*SAU_FHA_QP..INL/(SAU_FH_QP-SAU_FH_CR-SAU_FH_OU),Scalar TS,Numeric,12.4492229,18.12489107,24.49474949,26.82875379,26.032591,20.48663462,27.89718006,23.73992412,20.09884138,24.71567268,25.26458703,25.73760555,26.96073466,28.19183086,29.36266835,30.51460762,31.58733789,32.87633205,34.17373634,35.56819139,36.70179036
SAU_FHA_FO..MAR,SAU,FHA,FO,MAR,SAU_FHA_FO..MAR = SAU_FH_FO*SAU_FHA_QP..MAR/(SAU_FH_QP-SAU_FH_CR-SAU_FH_OU),Scalar TS,Numeric,76.72399947,43.23028873,35.27337776,15.66615777,72.78449261,92.72004039,115.4304168,144.0873029,165.9058603,204.0954981,210.1273816,215.5494854,224.8619758,233.9333414,243.0561887,252.4180911,260.978524,271.156713,281.2102347,290.7506259,302.3225407
SAU_FHC_FO..INL,SAU,FHC,FO,INL,SAU_FHC_FO..INL = SAU_FH_FO*SAU_FHC_QP..INL/(SAU_FH_QP-SAU_FH_CR-SAU_FH_OU),Scalar TS,Numeric,0,0,0,0,0,0,0,0,0,0,0,0,0,0,0,0,0,0,0.348636541,0.695373494,1.031027194
SAU_FHC_FO..MAR,SAU,FHC,FO,MAR,"SAU_FHC_FO..MAR = SAU_FH_FO*(SAU_FHC_QP..MAR-SAU_FH_CR-SAU_FH_OU)/(SAU_FH_
QP-SAU_FH_CR-SAU_FH_OU)",Scalar TS,Numeric,219.5079981,245.4894175,304.8282417,329.4295798,284.0039398,256.5942496,243.6748666,207.3886816,177.6758245,180.0116118,179.3473771,176.8115077,177.4611613,177.8066651,177.4831813,176.7885697,175.4112787,174.9872461,173.9696339,173.1479999,170.8068385
THA_FHA_FO..INL,THA,FHA,FO,INL,THA_FHA_FO..INL = THA_FH_FO*THA_FHA_QP..INL/(THA_FH_QP-THA_FH_CR-THA_FH_OU),Scalar TS,Numeric,281.5234868,268.5958923,317.6302925,346.9691797,327.2277543,349.2442307,384.0617244,442.0387782,468.1409296,484.9881947,487.8293509,485.7364878,491.6702068,495.4394013,500.1934129,499.6409695,497.9700371,493.5951722,487.6721276,485.723685,484.2314128
THA_FHA_FO..MAR,THA,FHA,FO,MAR,THA_FHA_FO..MAR = THA_FH_FO*THA_FHA_QP..MAR/(THA_FH_QP-THA_FH_CR-THA_FH_OU),Scalar TS,Numeric,555.8770052,571.0159007,571.8665421,447.2838126,380.5280027,431.790105,500.4012176,514.1832274,543.4188232,558.5057966,558.4816177,566.2087244,586.0226976,612.8036101,635.7812337,669.2460445,697.5170434,738.5595508,774.7093311,809.3901089,854.0479375
THA_FHC_FO..INL,THA,FHC,FO,INL,THA_FHC_FO..INL = THA_FH_FO*THA_FHC_QP..INL/(THA_FH_QP-THA_FH_CR-THA_FH_OU),Scalar TS,Numeric,136.2762809,157.0324475,153.431736,167.441602,143.2711685,156.2377581,172.0832609,206.0354679,222.7815059,219.2442757,210.4612215,206.0866024,205.2214377,203.5051524,201.557997,199.2362023,197.0535047,195.2080079,196.8067369,200.6560186,203.2986564
THA_FHC_FO..MAR,THA,FHC,FO,MAR,"THA_FHC_FO..MAR = THA_FH_FO*(THA_FHC_QP..MAR-THA_FH_CR-THA_FH_OU)/(THA_FH_
QP-THA_FH_CR-THA_FH_OU)",Scalar TS,Numeric,685.0044161,812.1018594,734.5129744,851.3567147,809.3871815,761.3710592,856.9799431,846.3206635,966.2222402,861.0081537,904.1221087,912.7253149,942.0077277,962.6768747,981.362728,995.9530023,1007.611964,1025.423888,1041.82341,1049.304426,1049.233273
TUR_FHA_FO..INL,TUR,FHA,FO,INL,TUR_FHA_FO..INL = TUR_FH_FO*TUR_FHA_QP..INL/(TUR_FH_QP-TUR_FH_CR-TUR_FH_OU),Scalar TS,Numeric,81.17555041,94.60739658,106.1761408,109.0982067,96.22384739,89.86950658,82.24102784,83.7296218,77.83085802,74.82220983,78.14996997,79.38538055,81.05120749,83.60701838,86.04070748,88.16810732,89.82398329,92.00816293,94.0683101,96.3484038,97.77504176
TUR_FHA_FO..MAR,TUR,FHA,FO,MAR,TUR_FHA_FO..MAR = TUR_FH_FO*TUR_FHA_QP..MAR/(TUR_FH_QP-TUR_FH_CR-TUR_FH_OU),Scalar TS,Numeric,92.11185019,83.3030343,96.36438683,98.30213253,112.0692807,121.806377,120.3896425,136.423496,152.8346517,152.4164192,157.2695588,160.3654145,162.7363943,167.8344981,173.397638,178.2437909,182.7012965,187.6961223,193.1298238,197.2346767,202.3348789
TUR_FHC_FO..INL,TUR,FHC,FO,INL,TUR_FHC_FO..INL = TUR_FH_FO*TUR_FHC_QP..INL/(TUR_FH_QP-TUR_FH_CR-TUR_FH_OU),Scalar TS,Numeric,41.59513395,34.94067052,34.37873357,31.10602462,32.12291782,30.27332568,27.40477198,25.87721078,22.30494575,17.93151863,17.81351417,17.50192044,17.60165501,17.21810171,16.71203278,16.25554817,15.72414115,15.29605933,15.07715748,14.8890443,14.6371864
TUR_FHC_FO..MAR,TUR,FHC,FO,MAR,"TUR_FHC_FO..MAR = TUR_FH_FO*(TUR_FHC_QP..MAR-TUR_FH_CR-TUR_FH_OU)/(TUR_FH_
QP-TUR_FH_CR-TUR_FH_OU)",Scalar TS,Numeric,280.5798887,228.5916865,278.0869404,216.810987,166.1992509,190.6512644,163.4621475,152.1035803,111.0392434,92.23641118,98.19577763,93.81221928,91.66441312,87.04171092,81.93395025,77.21473588,72.28900493,67.98337285,63.12340135,58.64494449,54.16126189
UKR_FHA_FO..INL,UKR,FHA,FO,INL,UKR_FHA_FO..INL = UKR_FH_FO*UKR_FHA_QP..INL/(UKR_FH_QP-UKR_FH_CR-UKR_FH_OU),Scalar TS,Numeric,62.48319233,75.37327559,84.21533875,78.00128845,80.63558725,62.19145247,102.8133252,92.21116001,111.4719129,108.2611837,99.90862156,94.8737277,91.79574207,88.64707142,85.65712432,82.71495601,79.74048448,77.22092646,74.90428746,72.46039573,71.05659161
UKR_FHA_FO..MAR,UKR,FHA,FO,MAR,UKR_FHA_FO..MAR = UKR_FH_FO*UKR_FHA_QP..MAR/(UKR_FH_QP-UKR_FH_CR-UKR_FH_OU),Scalar TS,Numeric,0.687937022,1.561348362,2.447918514,3.506568997,3.394350007,2.836014202,0,0,0,0,0,0,0,0,0,0,0,0,0,0,0
UKR_FHC_FO..INL,UKR,FHC,FO,INL,UKR_FHC_FO..INL = UKR_FH_FO*UKR_FHC_QP..INL/(UKR_FH_QP-UKR_FH_CR-UKR_FH_OU),Scalar TS,Numeric,12.81938868,14.95366695,19.30567378,97.76187747,70.28402339,58.81367184,113.7854034,119.1170928,178.3629255,192.4643265,217.4882718,214.6721029,215.392917,215.2414524,214.7979689,213.8344353,212.1690804,211.146782,210.8083595,210.4086181,209.4804228
UKR_FHC_FO..MAR,UKR,FHC,FO,MAR,"UKR_FHC_FO..MAR = UKR_FH_FO*(UKR_FHC_QP..MAR-UKR_FH_CR-UKR_FH_OU)/(UKR_FH_
QP-UKR_FH_CR-UKR_FH_OU)",Scalar TS,Numeric,547.188975,551.9366461,544.5486076,564.8952521,421.7866778,293.2117075,249.8470432,308.2239933,278.3106655,288.6964897,326.2324077,322.0081543,323.0893755,322.8621787,322.1969534,320.7516529,318.2536206,316.720173,314.6362056,312.4756217,309.5493661
USA_FHA_FO..INL,USA,FHA,FO,INL,USA_FHA_FO..INL = USA_FH_FO*USA_FHA_QP..INL/(USA_FH_QP-USA_FH_CR-USA_FH_OU),Scalar TS,Numeric,560.0954107,397.1525151,390.3423617,412.2297741,405.2818207,429.0050223,467.5022296,459.6406159,542.989401,567.4415183,564.7315913,573.0527971,596.7554196,621.5654153,646.1825904,667.1400689,685.9936361,702.0044102,714.7804468,721.3614799,729.3818517
USA_FHA_FO..MAR,USA,FHA,FO,MAR,USA_FHA_FO..MAR = USA_FH_FO*USA_FHA_QP..MAR/(USA_FH_QP-USA_FH_CR-USA_FH_OU),Scalar TS,Numeric,365.2414652,256.6530698,325.6489294,307.6633625,314.0709094,321.6542079,361.4551716,350.5186962,402.4686674,420.5495906,423.9561431,437.7379114,455.5675995,472.2707421,487.272451,501.261249,512.8493432,524.7847437,535.6593369,544.5337216,562.8738744
USA_FHC_FO..INL,USA,FHC,FO,INL,USA_FHC_FO..INL = USA_FH_FO*USA_FHC_QP..INL/(USA_FH_QP-USA_FH_CR-USA_FH_OU),Scalar TS,Numeric,43.6382819,36.48746371,37.30466107,45.8387333,39.2733809,35.74248906,43.90493977,30.54013337,45.30953081,38.75741144,38.64558114,38.86809048,39.25932253,39.49695558,39.6793162,39.77465126,39.84015791,40.07846072,60.73782985,81.91487702,103.4570288
USA_FHC_FO..MAR,USA,FHC,FO,MAR,"USA_FHC_FO..MAR = USA_FH_FO*(USA_FHC_QP..MAR-USA_FH_CR-USA_FH_OU)/(USA_FH_
QP-USA_FH_CR-USA_FH_OU)",Scalar TS,Numeric,5710.171202,6062.593314,5912.201953,5963.173669,6203.730828,6263.482907,6222.603527,6440.436417,6355.401693,6350.785429,6366.287092,6406.400671,6490.634073,6538.322101,6576.058445,6594.58737,6598.755019,6647.306524,6709.571994,6775.29176,6815.063787
VNM_FHA_FO..INL,VNM,FHA,FO,INL,VNM_FHA_FO..INL = VNM_FH_FO*VNM_FHA_QP..INL/(VNM_FH_QP-VNM_FH_CR-VNM_FH_OU),Scalar TS,Numeric,1389.277899,1354.711587,1472.770841,1434.1055,1303.11767,1493.380634,1512.708549,1632.56132,1743.581435,1806.48604,1862.501006,1879.553483,1982.686413,2079.564992,2164.216042,2265.784955,2356.691109,2443.62507,2526.831235,2622.820708,2724.634253
VNM_FHA_FO..MAR,VNM,FHA,FO,MAR,VNM_FHA_FO..MAR = VNM_FH_FO*VNM_FHA_QP..MAR/(VNM_FH_QP-VNM_FH_CR-VNM_FH_OU),Scalar TS,Numeric,343.0910447,383.4438145,360.5548117,415.742994,503.8449062,543.5557554,580.669273,642.7147802,657.5930582,726.0016409,749.5154876,751.4642405,788.6503983,811.0047717,832.9622363,848.2618598,874.1320501,895.8509311,916.7012651,938.8238903,965.6512199
VNM_FHC_FO..INL,VNM,FHC,FO,INL,VNM_FHC_FO..INL = VNM_FH_FO*VNM_FHC_QP..INL/(VNM_FH_QP-VNM_FH_CR-VNM_FH_OU),Scalar TS,Numeric,117.9331077,102.1625841,97.08735271,91.82638899,89.95495391,86.41216022,87.24240949,96.03422203,90.77880057,97.5178472,97.4064942,96.37229799,96.95546123,97.41284278,97.7292972,98.07273282,98.32026376,99.10377124,103.5145789,107.7936013,112.3879949
VNM_FHC_FO..MAR,VNM,FHC,FO,MAR,"VNM_FHC_FO..MAR = VNM_FH_FO*(VNM_FHC_QP..MAR-VNM_FH_CR-VNM_FH_OU)/(VNM_FH_
QP-VNM_FH_CR-VNM_FH_OU)",Scalar TS,Numeric,1107.989472,1115.54466,1148.090841,1084.243213,988.5166191,1122.940383,1139.820397,1234.969941,1080.789317,1037.853947,1054.486227,1027.548702,1027.127523,1023.690642,1019.402702,1015.129947,1008.275072,1013.185383,1012.611449,1011.481121,1013.866993
ZAF_FHA_FO..INL,ZAF,FHA,FO,INL,ZAF_FHA_FO..INL = ZAF_FH_FO*ZAF_FHA_QP..INL/(ZAF_FH_QP-ZAF_FH_CR-ZAF_FH_OU),Scalar TS,Numeric,1.057798718,1.381946356,1.931841792,2.14626701,2.386043428,2.343752747,2.37111687,2.457950591,3.455063745,3.436772167,3.901778137,4.113627365,4.020508474,4.367402125,4.7804101,5.209081112,5.792335752,6.345095097,7.076736171,7.958951603,9.033959742
ZAF_FHA_FO..MAR,ZAF,FHA,FO,MAR,ZAF_FHA_FO..MAR = ZAF_FH_FO*ZAF_FHA_QP..MAR/(ZAF_FH_QP-ZAF_FH_CR-ZAF_FH_OU),Scalar TS,Numeric,1.844846923,1.781990432,2.622525137,3.507801473,4.516958667,4.575631247,4.694818223,5.533716065,7.318381271,7.303140855,8.291278541,8.741458151,8.543580508,9.280729517,10.15837146,11.06929736,12.30871347,13.48332708,15.03806436,16.91277216,19.19716445
ZAF_FHC_FO..INL,ZAF,FHC,FO,INL,ZAF_FHC_FO..INL = ZAF_FH_FO*ZAF_FHC_QP..INL/(ZAF_FH_QP-ZAF_FH_CR-ZAF_FH_OU),Scalar TS,Numeric,0.833933817,0.851721396,1.043906512,1.058449138,1.189716945,1.146774749,1.13675986,1.313381977,1.568598034,1.858161611,1.864372631,1.976430947,1.988392254,2.081733569,2.180532731,2.316889171,2.502972204,2.648008659,5.649290182,9.096111006,13.25505809
ZAF_FHC_FO..MAR,ZAF,FHC,FO,MAR,"ZAF_FHC_FO..MAR = ZAF_FH_FO*(ZAF_FHC_QP..MAR-ZAF_FH_CR-ZAF_FH_OU)/(ZAF_FH_
QP-ZAF_FH_CR-ZAF_FH_OU)",Scalar TS,Numeric,298.2101001,290.7426694,386.2639677,330.0763653,384.4028325,354.6515588,332.7536093,343.4770506,420.4685335,416.840857,398.2129827,401.0047125,416.6650564,421.9113172,426.2673757,430.2046997,430.9952943,434.3771369,433.9462357,432.2969929,428.8919366
