OUTPUT,iso3c,group,source,unit,Comment,Org,Type,2010,2011,2012,2013,2014,2015,2016,2017,2018,2019,2020,2021,2022,2023,2024,2025,2026,2027,2028,2029,2030
AFL_FHA_QP..MAR,AFL,FHA,Aquaculture,QP,AFL_FHA_QP..MAR = AFL_OTHA_QP..MAR+AFL_SHPA_QP,Scalar TS,Numeric,4.992,6.543,5.832,6.396,5.978,4.665,6.391,7.069,5.326,5.17461155,5.475420177,5.666897965,5.859435214,6.053073007,6.247854366,6.443824365,6.641030239,6.8395215,7.039350071,7.24057041,7.443239662
AFL_FHC_QP..MAR,AFL,FHC,Capture,QP,"AFL_FHC_QP..MAR = OVERLAY(AFL_FHC_QP..MAR..HIS,AFL_FHC_QP*(TRND*0+0.5*FHCQPADJ))",Scalar TS,Numeric,1433.474,1524.202,1618.466,1694.567,1689.603,1733.033,1823.089,2110.385,1907.705,1898.19688,1853.848999,1882.697859,1900.046413,1923.395394,1946.244518,1968.093499,1990.442655,2014.291736,2037.058575,2062.207901,2088.233841
AFL_OTHA_QP..MAR,AFL,OTHA,Aquaculture,QP,"AFL_OTHA_QP..MAR = OVERLAY(AFL_OTHA_QP..MAR..HIS,AFL_OTHA_QP*0.75)",Scalar TS,Numeric,0.094,0.342,0.5715,0.739,0.896,0.97,1.907,1.18,0.00725,0.17461155,0.1875,0.1875,0.1875,0.1875,0.1875,0.1875,0.1875,0.1875,0.1875,0.1875,0.1875
AFL_SHPA_QP,AFL,SHPA,Aquaculture,QP,,Scalar TS,Numeric,4.898,6.201,5.2605,5.657,5.082,3.695,4.484,5.889,5.31875,5,5.287920177,5.479397965,5.671935214,5.865573007,6.060354366,6.256324365,6.453530239,6.6520215,6.851850071,7.05307041,7.255739662
AFN_DEMA_QP,AFN,DEMA,Aquaculture,QP,,Scalar TS,Numeric,4.37267,7.54202,8.07336,11.26219,11.35012,13.92867,15.686,21.2727,23.02517,23.67,21.43497783,19.77782311,19.88373592,20.54984464,20.84665266,21.24125452,21.35139818,21.51290587,21.33764672,21.22926747,21.20341095
AFN_FHA_QP..MAR,AFN,FHA,Aquaculture,QP,AFN_FHA_QP..MAR = AFN_OTHA_QP..MAR+AFN_DEMA_QP,Scalar TS,Numeric,4.831,7.727,8.386,11.987,11.735,14.063,16.017,21.394,23.459,24.07963215,21.87517152,20.23556577,20.35934799,21.0436695,21.3590583,21.7726354,21.90217721,22.08353652,21.9286153,21.8410956,21.83665819
AFN_FHC_QP..MAR,AFN,FHC,Capture,QP,"AFN_FHC_QP..MAR = OVERLAY(AFN_FHC_QP..MAR..HIS,AFN_FHC_
QP*(TRND*0+0.992*FHCQPADJ))",Scalar TS,Numeric,1364.514,1184.425,1397.524,1486.07,1585.077,1588.653,1673.269,1606.304,1609.279,1703.418417,1829.419264,1950.920584,2080.064615,2220.115471,2355.9789,2490.886096,2621.236887,2749.823125,2867.193084,2984.317845,3100.494394
AFN_OTHA_QP..MAR,AFN,OTHA,Aquaculture,QP,"AFN_OTHA_QP..MAR = OVERLAY(AFN_OTHA_QP..MAR..HIS,AFN_OTHA_QP*0.08)",Scalar TS,Numeric,0.45833,0.18498,0.31264,0.72481,0.38488,0.13433,0.331,0.1213,0.43383,0.409632146,0.44019369,0.457742663,0.475612075,0.493824855,0.512405636,0.531380883,0.550779035,0.570630652,0.590968581,0.611828127,0.633247241
AFS_FHA_QP..MAR,AFS,FHA,Aquaculture,QP,"AFS_OTHA_QP..MAR = OVERLAY(AFS_OTHA_QP..MAR..HIS,AFS_OTHA_QP*0.17)",Scalar TS,Numeric,1.017,0.806,0.912,0.75,1.174,1.246,1.458,1.647,2.379,2.718359653,2.89,2.975,3.06,3.145,3.23,3.315,3.4,3.485,3.57,3.655,3.74
AFS_FHC_QP..MAR,AFS,FHC,Capture,QP,"AFS_FHC_QP..MAR = OVERLAY(AFS_FHC_QP..MAR..HIS,AFS_FHC_QP*FHCQPADJ*MIN(0.98,
0.318+0.01*(49+(TRND-49)/2)))",Scalar TS,Numeric,1003.85,1055.831,1146.706,1133.817,1089.55,1244.109,1289.691,1375.185,1409.661,1414.48948,1423.007524,1447.851228,1458.815112,1483.882876,1523.55942,1549.187844,1575.012448,1602.739232,1627.420832,1652.205975,1677.093364
AFS_OTHA_QP..MAR,AFS,OTHA,Aquaculture,QP,"AFS_OTHA_QP..MAR = OVERLAY(AFS_OTHA_QP..MAR..HIS,AFS_OTHA_QP*0.17)",Scalar TS,Numeric,1.017,0.806,0.912,0.75,1.174,1.246,1.458,1.647,2.379,2.718359653,2.89,2.975,3.06,3.145,3.23,3.315,3.4,3.485,3.57,3.655,3.74
ANL_FHA_QP..MAR,ANL,FHA,Aquaculture,QP,ANL_FHA_QP..MAR = TRND*0,Scalar TS,Numeric,0,0,0,0,0,0,0,0,0,0,0,0,0,0,0,0,0,0,0,0,0
ANL_FHC_QP..MAR,ANL,FHC,Capture,QP,"ANL_FHC_QP..MAR = OVERLAY(ANL_FHC_QP..MAR..HIS,ANL_FHC_QP*FHCQPADJ*MIN(0.98,
0.03+0.018801*(49+(TRND-49)/4)))",Scalar TS,Numeric,266.588,362.011,427.709,376.833,366.339,390.525,597.254,782.886,955.748,968.1294181,831.177003,849.9402567,868.8466236,887.8961037,907.0886971,922.51712,937.43664,952.35616,965.3411286,978.2664192,991.1320317
ARG_FHA_QP..MAR,ARG,FHA,Aquaculture,QP,"ARG_FHA_QP..MAR = OVERLAY(ARG_FHA_QP..MAR..HIS,0.004*ARG_FHA_QP)",Scalar TS,Numeric,0.223,0.368,0.095,0.042,0.014,0.05,0.047,0.022,0.014,0.0124,0.012592017,0.012864619,0.013151127,0.01345247,0.01376964,0.014103692,0.014455755,0.01482703,0.015218797,0.015573984,0.016188728
ARG_FHC_QP..MAR,ARG,FHC,Capture,QP,"ARG_FHC_QP..MAR = OVERLAY(ARG_FHC_QP..MAR..HIS,ARG_FHC_
QP*(TRND*0+0.98*FHCQPADJ))",Scalar TS,Numeric,796.304,775.01,723.737,858.422,815.355,795.415,736.337,813.007,815.187,808.5,818.006,819.28,828.786,846.622,856.226,860.146,863.968,867.79,869.96658,872.029872,874.077876
ASA_DEMA_QP,ASA,DEMA,Aquaculture,QP,,Scalar TS,Numeric,18.09105,21.50946,31.67293,42.0386,50.34396,46.31163,36.40649,44.87721,44.77237,44.7,48.59885922,52.72487688,56.13731526,59.42323982,62.04359457,64.26940651,65.76691863,66.15405456,66.49819392,66.66517539,67.80758797
ASA_FHA_QP..MAR,ASA,FHA,Aquaculture,QP,"ASA_FHA_QP..MAR = ASA_SHPA_QP..MAR+ASA_DEMA_QP+ASA_MKFA_QP..MAR+ASA_MLCA_QP+ASA_
OFWDA_QP..MAR+ASA_OTHA_QP..MAR",Scalar TS,Numeric,231.772,242.386,263.34,264.44,266.9211,257.2,210.717,242.308,243.273,247.1761098,254.9027859,261.7581666,268.0395015,274.7037486,281.3120073,287.4089088,292.8123506,296.5950877,300.4810439,303.3261447,309.8486019
ASA_FHC_QP..MAR,ASA,FHC,Capture,QP,"ASA_FHC_QP..MAR = OVERLAY(ASA_FHC_QP..MAR..HIS,ASA_FHC_
QP*(1.062894-0.002307*TRND)*FHCQPADJ)",Scalar TS,Numeric,1698.385,1783.931,1803.619,1859.828,2036.643,1915.92,1688.606,1659.371,1728.981,1777.908007,1784.796503,1758.470157,1750.123154,1759.248668,1750.804835,1742.381302,1733.978072,1725.595142,1713.79805,1702.146706,1690.456419
ASA_MKFA_QP..MAR,ASA,MKFA,Aquaculture,QP,"ASA_MKFA_QP..MAR = OVERLAY(ASA_MKFA_QP..MAR..HIS,ASA_MKFA_QP*(TRND*0+0.636))",Scalar TS,Numeric,21.694,25.928,43.962,42.794,45.849,38.822,28.056,35.164,35.4,36.1248,38.8008654,40.23292688,41.00469444,41.54117789,42.16641776,42.47506297,42.52547382,42.21091421,42.12438948,42.24882606,42.43048082
ASA_MLCA_QP,ASA,MLCA,Aquaculture,QP,,Scalar TS,Numeric,168.61898,170.41482,166.28563,160.44512,160.37477,155.58579,127.63149,143.3832,139.68269,142.1,142.5033423,143.005933,144.3024124,146.3353275,148.9355737,151.8021947,155.1334859,158.4638753,161.7397031,163.9279625,168.7497811
ASA_OFWDA_QP..MAR,ASA,OFWDA,Aquaculture,QP,"ASA_OFWDA_QP..MAR = OVERLAY(ASA_OFWDA_QP..MAR..HIS,ASA_OFWDA_QP*(TRND*0+0.17))",Scalar TS,Numeric,9.634,11.91,9.563,7.411,4.703,4.412,3.384,4.442,5.266,5.78,5.621035825,5.583814953,5.547062743,5.574397055,5.612910912,5.673433474,5.727553953,5.743889885,5.766637405,5.800721914,5.850863694
ASA_OTHA_QP..MAR,ASA,OTHA,Aquaculture,QP,"ASA_OTHA_QP..MAR = OVERLAY(ASA_OTHA_QP..MAR..HIS,ASA_OTHA_QP*0.38)",Scalar TS,Numeric,4.82297,2.98072,-0.86956,-0.27572,-7.38763,-1.76742,2.40302,3.03759,4.45394,4.956149848,4.94,4.94,4.972189044,5.008945923,5.047367989,5.087545796,5.129575285,5.173558112,5.219602005,5.267821132,5.318336501
ASA_SHPA_QP..MAR,ASA,SHPA,Aquaculture,QP,ASA_SHPA_QP..MAR = TRND*0+1,Scalar TS,Numeric,1,1,1,1,1,1,1,1,1,1,1,1,1,1,1,1,1,1,1,1,1
ASC_FHA_QP..MAR,ASC,FHA,Aquaculture,QP,"ASC_SALA_QP..MAR = OVERLAY(ASC_SALA_QP..MAR..HIS,ASC_SALA_QP*(TRND*0+0.007))",Scalar TS,Numeric,0,0,0,0,0,0.06,0.08,0.1,0.121989,0.12887,0.154209972,0.161070161,0.168350112,0.175140224,0.182140231,0.189903296,0.197722214,0.206107903,0.214684177,0.222964749,0.231573377
ASC_FHC_QP..MAR,ASC,FHC,Capture,QP,"ASC_FHC_QP..MAR = OVERLAY(ASC_FHC_QP..MAR..HIS,ASC_FHC_QP*(TRND*0+0.8*FHCQPADJ))",Scalar TS,Numeric,46.037,26.52,12.049,15.5,19,22.5,44.688,137.403,213.057,210.3905554,213.38,215.56,217.74,219.92,222.1,224.28,226.46,228.64,230.35836,232.068,233.76892
ASC_SALA_QP..MAR,ASC,SALA,Aquaculture,QP,"ASC_SALA_QP..MAR = OVERLAY(ASC_SALA_QP..MAR..HIS,ASC_SALA_QP*(TRND*0+0.007))",Scalar TS,Numeric,0,0,0,0,0,0.06,0.08,0.1,0.121989,0.12887,0.154209972,0.161070161,0.168350112,0.175140224,0.182140231,0.189903296,0.197722214,0.206107903,0.214684177,0.222964749,0.231573377
ASL_FHA_QP..MAR,ASL,FHA,Aquaculture,QP,ASL_FHA_QP..MAR = ASL_OTHA_QP..MAR+ASL_SHPA_QP..MAR+ASL_OMAA_QP,Scalar TS,Numeric,202.822,202.167,210.468,222.586,236.848,237.05048,273.61237,281.51148,249.55516,279.495461,297.4947963,292.9789089,298.3050675,308.5400692,319.4613297,331.7712477,343.6599391,355.3620451,363.7994324,374.1318244,389.9286964
ASL_FHC_QP..MAR,ASL,FHC,Capture,QP,"ASL_FHC_QP..MAR = OVERLAY(ASL_FHC_QP..MAR..HIS,ASL_FHC_
QP*(TRND*0+0.43*FHCQPADJ))",Scalar TS,Numeric,1871.385,1843.161,1831.015,1784.566,1836.854,1830.353,1935.937,2046.295,1955.486,2014.106083,1991.76,2013.26,2034.76,2056.26,2077.76,2099.26,2120.76,2142.26,2159.43248,2176.51896,2193.51944
ASL_OMAA_QP,ASL,OMAA,Aquaculture,QP,,Scalar TS,Numeric,73.885,60.37,63.31,71.82,93.807,96.732,113.395,116.27,131.977,144.4,153.1307842,146.4496044,148.2235787,153.4439801,159.8579101,167.3865573,175.0671351,183.7143692,189.8560515,197.726376,208.3976055
ASL_OTHA_QP..MAR,ASL,OTHA,Aquaculture,QP,"ASL_OTHA_QP..MAR = OVERLAY(ASL_OTHA_QP..MAR..HIS,ASL_OTHA_QP)",Scalar TS,Numeric,31.334,5.708,6.804,8.54,22.227,6.28248,25.54237,27.20848,26.35616,19.595461,21.99399377,22.40809823,22.83712452,23.28179565,23.74286924,24.22113911,24.71743708,25.23263466,25.76764506,26.22501969,27.10079853
ASL_SHPA_QP..MAR,ASL,SHPA,Aquaculture,QP,"ASL_SHPA_QP..MAR = OVERLAY(ASL_SHPA_QP..MAR..HIS,ASL_SHPA_QP*(TRND*0+0.7))",Scalar TS,Numeric,97.603,136.089,140.354,142.226,120.814,134.036,134.675,138.033,91.222,115.5,122.3700183,124.1212062,127.2443643,131.8142935,135.8605503,140.1635513,143.8753669,146.4150413,148.1757359,150.1804286,154.4302923
AUS_FHA_QP..MAR,AUS,FHA,Aquaculture,QP,AUS_FHA_QP..MAR = AUS_OTHA_QP..MAR+AUS_SALA_QP..MAR+AUS_MLCA_QP+AUS_SHPA_QP,Scalar TS,Numeric,72.498,71.943,77.937,75.287,72.542,82.399,90.926,88.329,95.219,100.5374976,104.868331,110.792362,117.5908604,125.4048236,133.4163495,139.1394858,145.8707533,151.9655521,156.5615113,160.7973474,166.4158869
AUS_FHC_QP..MAR,AUS,FHC,Capture,QP,"AUS_FHC_QP..MAR = OVERLAY(AUS_FHC_QP..MAR..HIS,AUS_FHC_
QP*(TRND*0+0.994*FHCQPADJ))",Scalar TS,Numeric,184.593,182.31,169.705,166.819,164.171,165.164,185.002,177.468,183.438,186.9199289,188.86,190.848,192.836,194.824,196.812,198.8,200.788,202.776,204.354472,205.924992,207.48756
AUS_MLCA_QP,AUS,MLCA,Aquaculture,QP,,Scalar TS,Numeric,18.85143,17.53353,16.83571,16.7853,15.61463,15.49805,15.72779,16.61671,13.63152,15.3,15.424075,15.55872778,15.59978753,15.66573723,15.73416419,15.78758374,15.83859924,15.88978365,15.92715542,15.85963065,16.03308616
AUS_OTHA_QP..MAR,AUS,OTHA,Aquaculture,QP,"AUS_OTHA_QP..MAR = OVERLAY(AUS_OTHA_QP..MAR..HIS,AUS_OTHA_QP*0.92)",Scalar TS,Numeric,16.55957,13.77747,13.09816,11.935,11.56237,13.28757,14.45499,14.5078,16.15508,17.49749757,18.4,18.655916,18.93045761,19.22348652,19.53624762,19.87006967,20.22637089,20.60666499,21.01256762,21.44580323,21.90821239
AUS_SALA_QP..MAR,AUS,SALA,Aquaculture,QP,"AUS_SALA_QP..MAR = OVERLAY(AUS_SALA_QP..MAR..HIS,AUS_SALA_QP*(TRND*0+1))",Scalar TS,Numeric,31.807,36.662,43.982,42.825,41.591,48.331,56.115,52.58,61.227,63.24,66.49202312,71.96332047,78.38013618,85.76487647,93.32054457,98.57706518,104.8166415,110.3902717,114.4476157,118.216394,123.0913368
AUS_SHPA_QP,AUS,SHPA,Aquaculture,QP,,Scalar TS,Numeric,5.28,3.97,4.02113,3.7417,3.774,5.28238,4.62822,4.62449,4.2054,4.5,4.55223293,4.614397786,4.680479034,4.750723405,4.825393178,4.904767151,4.989141692,5.078831835,5.174172464,5.275519561,5.383251532
BRA_FHA_QP..MAR,BRA,FHA,Aquaculture,QP,BRA_FHA_QP..MAR = BRA_OTHA_QP..MAR+BRA_SHPA_QP..MAR+BRA_MLCA_QP,Scalar TS,Numeric,85.058,87.525,98.502,84.029,87.1,91,80.41,80.93,76.53,73.45958824,82.03560477,85.20304133,90.56661369,94.53808949,99.28332997,102.9408088,106.5164904,110.0559274,111.940079,114.8944999,117.3094159
BRA_FHC_QP..MAR,BRA,FHC,Capture,QP,"BRA_FHC_QP..MAR = OVERLAY(BRA_FHC_QP..MAR..HIS,BRA_FHC_
QP*(TRND*0+0.69*FHCQPADJ))",Scalar TS,Numeric,537.247,525.981,582.04,531.462,537.765,485.373,493.879,493.27,489.382,476.1,479.0976281,480.8157127,482.4412293,483.6665416,484.6133374,484.9656831,484.9042838,484.1786071,482.319622,480.2958067,478.0263772
BRA_MLCA_QP,BRA,MLCA,Aquaculture,QP,,Scalar TS,Numeric,15.636,18.259,23.502,19.36,22.1,21.1,20.91,20.91,14.51,12.24,14.68080477,16.50324133,17.46681369,18.01828949,18.28852997,18.46100877,18.52169038,18.51612737,18.32027901,18.15469988,17.92961591
BRA_OTHA_QP..MAR,BRA,OTHA,Aquaculture,QP,"BRA_OTHA_QP..MAR = OVERLAY(BRA_OTHA_QP..MAR..HIS,BRA_OTHA_QP*0.09)",Scalar TS,Numeric,1.42E-14,0,0,0,0,0,0,0.02,0.02,0.019588239,0.0198,0.0198,0.0198,0.0198,0.0198,0.0198,0.0198,0.0198,0.0198,0.0198,0.0198
BRA_SHPA_QP..MAR,BRA,SHPA,Aquaculture,QP,"BRA_SHPA_QP..MAR = OVERLAY(BRA_SHPA_QP..MAR..HIS,BRA_SHPA_QP*(TRND*0+1))",Scalar TS,Numeric,69.422,69.266,75,64.669,65,69.9,59.5,60,62,61.2,67.335,68.68,73.08,76.5,80.975,84.46,87.975,91.52,93.6,96.72,99.36
CAN_FHA_QP..MAR,CAN,FHA,Aquaculture,QP,CAN_FHA_QP..MAR = CAN_SALA_QP..MAR+CAN_OTHA_QP..MAR+CAN_MLCA_QP,Scalar TS,Numeric,153.942,162.424,177.483,159.924,131.05,178.217,189.821,180.986,180.57,180.824,190.6336991,197.1503514,204.6236488,212.2908488,220.9801534,228.7132934,236.5079279,243.3054795,250.0731311,254.7518462,263.2517209
CAN_FHC_QP..MAR,CAN,FHC,Capture,QP,"CAN_FHC_QP..MAR = OVERLAY(CAN_FHC_QP..MAR..HIS,CAN_FHC_
QP*(TRND*0+0.965*FHCQPADJ))",Scalar TS,Numeric,906.065,895.748,787.305,844.825,838.442,823.833,836.35,805.677,784.603,805.775,830.62954,852.10658,872.13612,900.36816,920.3977,940.42724,960.45678,980.48632,998.5148283,1016.463218,1034.33149
CAN_MLCA_QP,CAN,MLCA,Aquaculture,QP,,Scalar TS,Numeric,39.499,37.56,44.208,39.933,38.473,36.343,40.511,40.074,43.321,42.55,44.86037907,46.55108854,48.18600672,49.94905405,51.69554371,53.38636656,55.07292241,56.68918237,58.2229031,59.35405019,61.31151481
CAN_OTHA_QP..MAR,CAN,OTHA,Aquaculture,QP,"CAN_OTHA_QP..MAR = OVERLAY(CAN_OTHA_QP..MAR..HIS,CAN_OTHA_QP*0)",Scalar TS,Numeric,0,0,0,0,0,0,0,0,0,0,0,0,0,0,0,0,0,0,0,0,0
CAN_SALA_QP..MAR,CAN,SALA,Aquaculture,QP,"CAN_SALA_QP..MAR = OVERLAY(CAN_SALA_QP..MAR..HIS,CAN_SALA_QP*(TRND*0+0.94))",Scalar TS,Numeric,114.443,124.864,133.275,119.991,92.577,141.874,149.31,140.912,137.249,138.274,145.77332,150.5992628,156.4376421,162.3417948,169.2846097,175.3269269,181.4350055,186.6162972,191.850228,195.397796,201.9402061
CHE_FHA_QP..MAR,CHE,FHA,Aquaculture,QP,CHE_FHA_QP..MAR = 0*TRND,Scalar TS,Numeric,0,0,0,0,0,0,0,0,0,0,0,0,0,0,0,0,0,0,0,0,0
CHE_FHC_QP..MAR,CHE,FHC,Capture,QP,CHE_FHC_QP..MAR = TRND*0,Scalar TS,Numeric,0,0,0,0,0,0,0,0,0,0,0,0,0,0,0,0,0,0,0,0,0
CHL_FHA_QP..MAR,CHL,FHA,Aquaculture,QP,CHL_FHA_QP..MAR = CHL_OTHA_QP..MAR+CHL_SALA_QP..MAR+CHL_MLCA_QP,Scalar TS,Numeric,664.841,913.642,1011.894,988.838,1146.12,1045.142,1034.356,1199.839,1265.18,1312.546268,1347.855769,1388.312062,1428.067494,1474.182606,1512.781708,1550.050395,1592.85576,1640.887313,1687.540818,1740.545604,1810.371262
CHL_FHC_QP..MAR,CHL,FHC,Capture,QP,"CHL_FHC_QP..MAR = OVERLAY(CHL_FHC_QP..MAR..HIS,CHL_FHC_QP*(TRND*0+1*FHCQPADJ))",Scalar TS,Numeric,2679.736,3063.463,2572.88,1770.956,2175.459,1786.249,1497.23,1918.958,2122.431,2090,2115.263161,1879.727529,2029.591875,2039.455875,2099.319427,2159.184954,1940.548262,2228.912507,2287.191732,2354.185117,2390.07783
CHL_MLCA_QP,CHL,MLCA,Aquaculture,QP,,Scalar TS,Numeric,233.906,305.124,253.307,252.528,246.421,215.508,307.442,347.59815,377.93865,396,406.9774719,418.8181948,432.5164836,447.1776084,462.3599576,478.6659688,495.0003723,511.0116579,525.5983228,537.7285169,557.8235774
CHL_OTHA_QP..MAR,CHL,OTHA,Aquaculture,QP,"CHL_OTHA_QP..MAR = OVERLAY(CHL_OTHA_QP..MAR..HIS,CHL_OTHA_QP)",Scalar TS,Numeric,0.299,0.252,0.442,0.107,0.264,0.003,0,-0.00015,0.01035,0.546268,0.5,0.5,0.5,0.5,0.5,0.5,0.5,0.5,0.5,0.5,0.5
CHL_SALA_QP..MAR,CHL,SALA,Aquaculture,QP,"CHL_SALA_QP..MAR = OVERLAY(CHL_SALA_QP..MAR..HIS,CHL_SALA_QP*(TRND*0+1))",Scalar TS,Numeric,430.636,608.266,758.145,736.203,899.435,829.631,726.914,852.241,887.231,916,940.3782968,968.9938673,995.0510103,1026.504998,1049.92175,1070.884426,1097.355388,1129.375655,1161.442495,1202.317087,1252.047685
CHN_CBA_QP..MAR,CHN,CBA,Aquaculture,QP,"CHN_CBA_QP..MAR = OVERLAY(CHN_CBA_QP..MAR..HIS,CHN_CBA_QP*(TRND*0+0.27))",Scalar TS,Numeric,221.351,220.916,233.648,247.843,259.564,262.044,282.653,286.031,293.797,285.66,289.9565829,294.7982078,302.3076047,315.6915425,330.5525765,343.2423781,356.721658,368.3982449,382.6293047,397.714118,412.1091321
CHN_DEMA_QP,CHN,DEMA,Aquaculture,QP,,Scalar TS,Numeric,435.41,495.21,529.49,554.38,590.443,652.704,703.691,766.015,838.414,865.5,1015.764681,1070.644695,1095.581464,1203.805917,1339.1956,1489.531662,1660.702731,1839.375431,2004.248408,2174.103431,2360.387647
CHN_FHA_QP..MAR,CHN,FHA,Aquaculture,QP,"CHN_FHA_QP..MAR = CHN_SALA_QP..MAR+CHN_OPEA_QP+CHN_OMAA_QP+CHN_MLCA_QP+CHN_SHPA_
QP..MAR+CHN_CBA_QP..MAR+CHN_DEMA_QP+CHN_OTHA_QP..MAR",Scalar TS,Numeric,12889.386,13260.307,14060.963,14869.324,15608.164,15964.514,17046.016,17779.132,17968.332,18264.81124,18979.76833,19387.79815,19709.5899,20616.54744,21540.79836,22496.22755,23514.3529,24555.51857,25607.87803,26619.2494,27996.31624
CHN_FHC_QP..MAR,CHN,FHC,Capture,QP,"CHN_FHC_QP..MAR = OVERLAY(CHN_FHC_QP..MAR..HIS,CHN_FHC_
QP*(TRND*0+0.867*FHCQPADJ))",Scalar TS,Numeric,12682.769,12939.801,13148.457,13308.845,14092.903,14392.764,13784.598,13190.594,12684.011,12340.12356,11921.25,11500.5816,11460.6996,11535.6084,11509.425,11492.085,11483.415,11492.085,11477.75349,11463.3873,11448.98643
CHN_MLCA_QP,CHN,MLCA,Aquaculture,QP,,Scalar TS,Numeric,10997.136,11241.625,11815.686,12414.646,13077.356,13249.183,14131.801,14586.132,14635.099,14905,15207.28888,15447.59935,15631.6229,16198.66055,16719.31353,17256.20894,17809.04024,18379.17067,18966.3042,19498.70851,20346.51499
CHN_OMAA_QP,CHN,OMAA,Aquaculture,QP,,Scalar TS,Numeric,220.061,267.473,298.475,341.074,388.518,439.606,435.131,470.067,479.743,481,592.3254961,634.1943648,653.4474909,718.5013556,797.7652075,884.8001362,983.5750866,1086.389001,1180.708181,1286.711266,1407.064088
CHN_OPEA_QP,CHN,OPEA,Aquaculture,QP,,Scalar TS,Numeric,131.573,160.169,160.974,184.35,162.408,164.933,175.139,189.59,189.641,192,261.7552104,288.3252264,300.6131186,344.4408678,394.1229508,450.2447813,511.9291438,576.535322,636.7467846,701.5288408,773.10702
CHN_OTHA_QP..MAR,CHN,OTHA,Aquaculture,QP,"CHN_OTHA_QP..MAR = OVERLAY(CHN_OTHA_QP..MAR..HIS,CHN_OTHA_QP*0.15)",Scalar TS,Numeric,75.45,21.406,58.938,92.137,19.151,83.66,96.086,136.143,122.524,126.1860435,130.5258015,133.077996,135.2051532,140.6605418,145.7960048,151.1519489,156.7377722,162.5647388,168.6485369,175.0045661,181.6416969
CHN_SALA_QP..MAR,CHN,SALA,Aquaculture,QP,"CHN_SALA_QP..MAR = OVERLAY(CHN_SALA_QP..MAR..HIS,CHN_SALA_QP*TRND*0)",Scalar TS,Numeric,0,0,0,0,0,0,0,0,0,0,0,0,0,0,0,0,0,0,0,0,0
CHN_SHPA_QP..MAR,CHN,SHPA,Aquaculture,QP,"CHN_SHPA_QP..MAR = OVERLAY(CHN_SHPA_QP..MAR..HIS,CHN_SHPA_
QP*(TRND*0.013886-0.108))",Scalar TS,Numeric,808.405,853.508,963.752,1034.894,1110.724,1112.384,1221.515,1345.154,1409.114,1409.4652,1482.151676,1519.158302,1590.81217,1694.786663,1814.052485,1921.0477,2035.646266,2143.085166,2268.592609,2385.47867,2515.491665
COL_FHA_QP..MAR,COL,FHA,Aquaculture,QP,COL_FHA_QP..MAR = COL_OTHA_QP..MAR+COL_SHPA_QP..MAR+COL_SALA_QP..MAR,Scalar TS,Numeric,12.689,9.522,9.045,4.695,3.012,2.484,2.7,3.7,5.097,5.472,4.797376624,4.594874611,4.509032573,4.407824109,4.364249937,4.279816491,4.155220407,3.972301037,3.813025086,3.678269817,3.547295801
COL_FHC_QP..MAR,COL,FHC,Capture,QP,"COL_FHC_QP..MAR = OVERLAY(COL_FHC_QP..MAR..HIS,COL_FHC_
QP*(TRND*0+0.69*FHCQPADJ))",Scalar TS,Numeric,60.117,62.568,50.573,52.734,74.298,63.415,50.506,60.995,47.625,41.76562397,58.65,41.4,55.2,58.65,58.65,58.65,41.4,55.2,58.5327,58.4154,58.2981
COL_OTHA_QP..MAR,COL,OTHA,Aquaculture,QP,"COL_OTHA_QP..MAR = OVERLAY(COL_OTHA_QP..MAR..HIS,COL_OTHA_QP*0)",Scalar TS,Numeric,0.113,0.112,0.145,0.15,0.15,0,0,0,0,0,0,0,0,0,0,0,0,0,0,0,0
COL_SALA_QP..MAR,COL,SALA,Aquaculture,QP,COL_SALA_QP..MAR = TRND*0,Scalar TS,Numeric,0,0,0,0,0,0,0,0,0,0,0,0,0,0,0,0,0,0,0,0,0
COL_SHPA_QP..MAR,COL,SHPA,Aquaculture,QP,"COL_SHPA_QP..MAR = OVERLAY(COL_SHPA_QP..MAR..HIS,COL_SHPA_QP*(TRND*0+0.95))",Scalar TS,Numeric,12.576,9.41,8.9,4.545,2.862,2.484,2.7,3.7,5.097,5.472,4.797376624,4.594874611,4.509032573,4.407824109,4.364249937,4.279816491,4.155220407,3.972301037,3.813025086,3.678269817,3.547295801
EGY_DEMA_QP,EGY,DEMA,Aquaculture,QP,,Scalar TS,Numeric,43.639,43.968,36.923,31.754,38.018,39.752,67.323,90.954,92.7,98.37,93.43038133,94.8435691,94.67736984,95.34365833,96.86074239,98.42138906,100.858562,102.5173788,104.2254078,106.4331086,111.1771027
EGY_FHA_QP..MAR,EGY,FHA,Aquaculture,QP,EGY_FHA_QP..MAR = EGY_OTHA_QP..MAR+EGY_SHPA_QP+EGY_DEMA_QP+EGY_MULA_QP..MAR,Scalar TS,Numeric,133.46,128.735,137.683,127.761,137.898,154.764,182.424,273.383,303.9,297.0647,292.4535939,296.9460126,297.8516604,301.0720223,305.9475618,310.2493434,315.5204441,320.110021,326.3181265,331.572443,342.8799659
EGY_FHC_QP..MAR,EGY,FHC,Capture,QP,"EGY_FHC_QP..MAR = OVERLAY(EGY_FHC_QP..MAR..HIS,EGY_FHC_
QP*(0.498796-0.004274*TRND)*FHCQPADJ)",Scalar TS,Numeric,121.362,122.303,114.134,106.661,107.799,102.933,103.654,109.764,104.695,106.8224351,105.4354624,104.5091485,103.5618664,102.593616,101.6043974,100.5942105,99.56305544,98.5109321,97.24296483,95.95840556,94.65738009
EGY_MULA_QP..MAR,EGY,MULA,Aquaculture,QP,"EGY_MULA_QP..MAR = OVERLAY(EGY_MULA_QP..MAR..HIS,EGY_MULA_QP*(TRND*0+0.87))",Scalar TS,Numeric,89.029,84.001,99.651,90.151,92.645,115,115,182.294,210.7,198.1947,198.6336667,201.7495078,202.8415247,205.4130787,208.7834583,211.5345263,214.3790201,217.3212157,221.8310756,224.8855923,231.4556486
EGY_OTHA_QP..MAR,EGY,OTHA,Aquaculture,QP,"EGY_OTHA_QP..MAR = OVERLAY(EGY_OTHA_QP..MAR..HIS,EGY_OTHA_QP*0)",Scalar TS,Numeric,0,0,0,0,0,0,0,0,0,0,0,0,0,0,0,0,0,0,0,0,0
EGY_SHPA_QP,EGY,SHPA,Aquaculture,QP,,Scalar TS,Numeric,0.792,0.766,1.109,5.856,7.235,0.012,0.101,0.135,0.5,0.5,0.3895458,0.352935687,0.332765769,0.315285292,0.303361106,0.293427961,0.282861942,0.271426478,0.261643146,0.253742155,0.247214518
ETH_FHA_QP..MAR,ETH,FHA,Aquaculture,QP,ETH_FHA_QP..MAR = TRND*0,Scalar TS,Numeric,0,0,0,0,0,0,0,0,0,0,0,0,0,0,0,0,0,0,0,0,0
ETH_FHC_QP..MAR,ETH,FHC,Capture,QP,ETH_FHC_QP..MAR = TRND*0,Scalar TS,Numeric,0,0,0,0,0,0,0,0,0,0,0,0,0,0,0,0,0,0,0,0,0
EUE_FHA_QP..MAR,EUE,FHA,Aquaculture,QP,EUE_FHA_QP..MAR = EUE_OTHA_QP..MAR+EUE_SALA_QP..MAR,Scalar TS,Numeric,74.419,87.31849,105.31504,102.74979,111.57632,103.92914,115.03044,120.84425,117.6363,116.6431596,121.4630658,125.3254129,130.0360662,136.33959,142.7706655,147.8645144,153.1045691,157.7643196,161.8548409,165.3880123,169.1134666
EUE_FHC_QP..MAR,EUE,FHC,Capture,QP,"EUE_FHC_QP..MAR = OVERLAY(EUE_FHC_QP..MAR..HIS,EUE_FHC_
QP*(TRND*0+0.99*FHCQPADJ))",Scalar TS,Numeric,1691.524,1746.164,2059.87,2149.625,1933.002,2197.672,1932.999,2213.164,2242.404,2114.7397,2261.32335,2301.0669,2362.70925,2445.9534,2507.49675,2569.0401,2630.58345,2692.1268,2748.16281,2803.952646,2859.496309
EUE_OTHA_QP..MAR,EUE,OTHA,Aquaculture,QP,"EUE_OTHA_QP..MAR = OVERLAY(EUE_OTHA_QP..MAR..HIS,EUE_OTHA_QP)",Scalar TS,Numeric,23.349,22.74149,22.73904,20.60779,17.74632,16.13214,19.22644,18.32525,20.3743,19.0489596,20.28444986,20.3928372,20.50474625,20.62031097,20.73967076,20.86297074,20.99036191,21.12200148,21.25805306,21.39868696,21.5440805
EUE_SALA_QP..MAR,EUE,SALA,Aquaculture,QP,"EUE_SALA_QP..MAR = OVERLAY(EUE_SALA_QP..MAR..HIS,EUE_SALA_QP*(TRND*0+0.93))",Scalar TS,Numeric,51.07,64.577,82.576,82.142,93.83,87.797,95.804,102.519,97.262,97.5942,101.178616,104.9325757,109.53132,115.719279,122.0309948,127.0015436,132.1142072,136.6423181,140.5967879,143.9893253,147.5693861
EUN_DEMA_QP,EUN,DEMA,Aquaculture,QP,,Scalar TS,Numeric,171.3188,164.86849,167.3768,170.52075,168.07236,168.94986,185.93975,196.70573,202.85894,211,213.7425301,218.5369009,223.986915,230.3319848,236.2796875,242.1745002,246.8507915,249.8544942,252.0312177,253.2563006,258.553225
EUN_FHA_QP..MAR,EUN,FHA,Aquaculture,QP,EUN_FHA_QP..MAR = EUN_OTHA_QP..MAR+EUN_MLCA_QP+EUN_SALA_QP..MAR+EUN_DEMA_QP,Scalar TS,Numeric,786.21886,793.04887,755.74102,721.51913,779.06993,793.33853,820.42773,859.41394,901.26885,920.304876,938.1329627,959.1476867,980.3360824,998.0062348,1015.341995,1033.606302,1053.840005,1072.985204,1089.680621,1103.60624,1134.709292
EUN_FHC_QP..MAR,EUN,FHC,Capture,QP,"EUN_FHC_QP..MAR = OVERLAY(EUN_FHC_QP..MAR..HIS,EUN_FHC_
QP*(TRND*0+0.977*FHCQPADJ))",Scalar TS,Numeric,4728.305,4422.991,3925.028,4247.198,4545.327,4523.442,4370.19,4772.544,4608.546,4480.493433,4507.3895,4487.361,4518.7227,4595.4172,4617.6928,4640.3592,4667.8129,4685.3012,4694.358967,4699.353196,4712.544259
EUN_MLCA_QP,EUN,MLCA,Aquaculture,QP,,Scalar TS,Numeric,567.18914,586.17717,546.80126,507.71444,570.87173,577.38719,584.97004,608.04302,649.06021,658,670.1933351,684.6518978,698.5908003,707.9304898,717.5011297,728.139198,742.3653692,757.7474142,771.78707,784.0648551,809.4045855
EUN_OTHA_QP..MAR,EUN,OTHA,Aquaculture,QP,"EUN_OTHA_QP..MAR = OVERLAY(EUN_OTHA_QP..MAR..HIS,EUN_OTHA_QP)",Scalar TS,Numeric,9.06892,6.27021,4.97296,5.48794,5.61584,7.14548,7.38794,7.70319,12.7047,13.024876,15,15.5,16,16.5,17,17.5,18,18.5,19,19.5,20
EUN_SALA_QP..MAR,EUN,SALA,Aquaculture,QP,"EUN_SALA_QP..MAR = OVERLAY(EUN_SALA_QP..MAR..HIS,EUN_SALA_QP*(TRND*0+0.2))",Scalar TS,Numeric,38.642,35.733,36.59,37.796,34.51,39.856,42.13,46.962,36.645,38.28,39.19709756,40.458888,41.7583671,43.24376012,44.56117732,45.7926037,46.62384412,46.88329512,46.86233364,46.78508384,46.75148156
GBR_FHA_QP..MAR,GBR,FHA,Aquaculture,QP,GBR_FHA_QP..MAR = GBR_OTHA_QP..MAR+GBR_SALA_QP..MAR+GBR_MLCA_QP,Scalar TS,Numeric,188.37,187.109,192.25,192.104,203.239,201.028,183.851,211.778,186.717,171.8594101,182.9596839,188.121548,195.8759945,202.7714114,208.8167865,213.3654923,217.6174605,221.171671,223.6345122,225.273585,226.6712349
GBR_FHC_QP..MAR,GBR,FHC,Capture,QP,"GBR_FHC_QP..MAR = OVERLAY(GBR_FHC_QP..MAR..HIS,GBR_FHC_QP*(TRND*0+1*FHCQPADJ))",Scalar TS,Numeric,610.156,598.942,629.115,630.047,754.956,704.854,702.578,725.4,699.07,690.2,713,705.87,705.87,713,713,713,713,713,711.574,710.148,708.722
GBR_MLCA_QP,GBR,MLCA,Aquaculture,QP,,Scalar TS,Numeric,31.51955,27.0578,27.3594,26.318,21.6187,24.15709,16.88823,18.51208,17.142,16.4,16.66085487,16.72082169,17.00254394,17.3494064,17.72071651,18.09956971,18.5071313,18.9166911,19.32565189,19.61755436,20.20201548
GBR_OTHA_QP..MAR,GBR,OTHA,Aquaculture,QP,"GBR_OTHA_QP..MAR = OVERLAY(GBR_OTHA_QP..MAR..HIS,GBR_OTHA_QP*0.2)",Scalar TS,Numeric,0.61345,0.5732,0.2636,0.308,0.3163,0.05591,0.06677,0.07692,0.075,0.07741012,0.082794274,0.083141395,0.083494725,0.083854374,0.084220456,0.084593086,0.08497238,0.085358459,0.085751442,0.086151455,0.086558621
GBR_SALA_QP..MAR,GBR,SALA,Aquaculture,QP,"GBR_SALA_QP..MAR = OVERLAY(GBR_SALA_QP..MAR..HIS,GBR_SALA_QP*(TRND*0+0.94))",Scalar TS,Numeric,156.237,159.478,164.627,165.478,181.304,176.815,166.896,193.189,169.5,155.382,166.2160348,171.3175849,178.7899559,185.3381507,191.0118495,195.1813295,199.0253568,202.1696215,204.2231088,205.5698792,206.3826608
IDN_FHA_QP..MAR,IDN,FHA,Aquaculture,QP,"IDN_FHA_QP..MAR = IDN_OTHA_QP..MAR+IDN_SHPA_QP..MAR+IDN_OFWDA_QP..MAR+IDN_MKFA_
QP..MAR+IDN_OMAA_QP+IDN_MLCA_QP",Scalar TS,Numeric,881.76898,912.11561,892.46386,1254.00729,1205.36097,1263.263,1416.33454,1713.227,1871.859,1751.526504,1876.132596,1953.392431,2032.944923,2113.907114,2201.068039,2285.373998,2366.17043,2433.305661,2503.890571,2581.342903,2665.836082
IDN_FHC_QP..MAR,IDN,FHC,Capture,QP,"IDN_FHC_QP..MAR = OVERLAY(IDN_FHC_QP..MAR..HIS,IDN_FHC_
QP*(TRND*0+0.933*FHCQPADJ))",Scalar TS,Numeric,5041.27,5384.435,5463.113,5711.98,6010.22,6216.598,6108.821,6304.931,6706.085,6316.135698,6316.41,6223.11,6253.899,6363.06,6409.71,6456.36,6517.005,6577.65,6620.36274,6662.85156,6695.84244
IDN_MKFA_QP..MAR,IDN,MKFA,Aquaculture,QP,"IDN_MKFA_QP..MAR = OVERLAY(IDN_MKFA_QP..MAR..HIS,IDN_MKFA_QP*(TRND*0+0.92))",Scalar TS,Numeric,422.068,467.327,482.93,575.256,577.568,625.342,691.508,632.975,808.966,828,839.7675641,854.5862559,869.8154357,886.9569104,908.8192136,927.6686413,943.7884588,949.4986241,957.4230528,967.778603,976.9274558
IDN_MLCA_QP,IDN,MLCA,Aquaculture,QP,,Scalar TS,Numeric,0,0,0,0,0,0,0,50.2,40,35,36.99990807,38.59374822,40.1409885,41.66435486,43.15143701,44.5992642,45.99526676,47.32796695,48.60316989,49.86137704,51.10769491
IDN_OFWDA_QP..MAR,IDN,OFWDA,Aquaculture,QP,"IDN_OFWDA_QP..MAR = OVERLAY(IDN_OFWDA_QP..MAR..HIS,IDN_OFWDA_QP*(TRND*0+0.006))",Scalar TS,Numeric,6.776,5.236,6.198,6.735,5.447,6.558,7.89,8.192,9.835,10.152,10.69899013,10.99129732,11.34037627,11.7950216,12.28724707,12.75839421,13.27024075,13.74495238,14.19495932,14.54663837,14.93907443
IDN_OMAA_QP,IDN,OMAA,Aquaculture,QP,,Scalar TS,Numeric,62.91,31.409,19.591,35.634,23.599,27.213,37.677,115,120,130,140,150,160,170,180,190,200,210,220,230,240
IDN_OTHA_QP..MAR,IDN,OTHA,Aquaculture,QP,"IDN_OTHA_QP..MAR = OVERLAY(IDN_OTHA_QP..MAR..HIS,IDN_OTHA_QP)",Scalar TS,Numeric,10.68898,8.59961,15.26786,13.04029,13.94597,14.736,12.27354,13.005,9.943,13.374504,15,15,15,15,15,15,15,15,15.03098052,15.16637974,15.30760632
IDN_SHPA_QP..MAR,IDN,SHPA,Aquaculture,QP,"IDN_SHPA_QP..MAR = OVERLAY(IDN_SHPA_QP..MAR..HIS,IDN_SHPA_QP*(TRND*0+0.98))",Scalar TS,Numeric,379.326,399.544,368.477,623.342,584.801,589.414,666.986,893.855,883.115,735,833.666134,884.2211294,936.6481222,988.4908268,1041.810142,1095.347698,1148.116464,1197.734118,1248.638409,1303.989905,1367.554251
IND_FHA_QP..MAR,IND,FHA,Aquaculture,QP,IND_FHA_QP..MAR = IND_OMAA_QP+IND_SHPA_QP..MAR+IND_MLCA_QP+IND_OTHA_QP..MAR,Scalar TS,Numeric,137.424,318.022,361.569,395.2,481.259,603.358,623.869,752.161,805.3,899.73,953.2582449,986.293177,1032.336467,1086.472149,1144.164427,1204.336178,1265.9591,1331.823371,1402.621448,1464.0728,1551.149884
IND_FHC_QP..MAR,IND,FHC,Capture,QP,"IND_FHC_QP..MAR = OVERLAY(IND_FHC_QP..MAR..HIS,IND_FHC_
QP*(TRND*0+0.718*FHCQPADJ))",Scalar TS,Numeric,3245.163,3250.099,3408.472,3417.079,3725.603,3497.284,3714.306,3938.213,3620.145,3805.4,4038.75,3949,3956.18,3963.36,3970.54,3977.72,3984.9,3992.08,3991.26148,3990.41424,3989.53828
IND_MLCA_QP,IND,MLCA,Aquaculture,QP,,Scalar TS,Numeric,18.017,14.014,12.905,14.1,14.2,12.6,12.6,13,13,14,14.098,14.196,14.294,14.392,14.49,14.61491892,14.74978015,14.88557112,15.02230584,15.10332568,15.41230284
IND_OMAA_QP,IND,OMAA,Aquaculture,QP,,Scalar TS,Numeric,18.693,52.808,84.164,90.9,90,90,90,96,110,116.5,125.8148156,130.6214672,136.2076577,141.8201465,147.4731477,153.6721781,159.3297022,164.4306713,167.5993502,171.3186142,178.5000112
IND_OTHA_QP..MAR,IND,OTHA,Aquaculture,QP,"IND_OTHA_QP..MAR = OVERLAY(IND_OTHA_QP..MAR..HIS,IND_OTHA_QP*0)",Scalar TS,Numeric,0,0,5.68E-14,-5.68E-14,0,-1.14E-13,0,0,0,0,0,0,0,0,0,0,0,0,0,0,0
IND_SHPA_QP..MAR,IND,SHPA,Aquaculture,QP,"IND_SHPA_QP..MAR = OVERLAY(IND_SHPA_QP..MAR..HIS,IND_SHPA_QP*(TRND*0+0.99))",Scalar TS,Numeric,100.714,251.2,264.5,290.2,377.059,500.758,521.269,643.161,682.3,769.23,813.3454292,841.4757098,881.8348096,930.2600023,982.2012793,1036.049081,1091.879618,1152.507129,1219.999792,1277.65086,1357.23757
IRN_FHA_QP..MAR,IRN,FHA,Aquaculture,QP,IRN_FHA_QP..MAR = IRN_SHPA_QP..MAR+IRN_OTHA_QP..MAR,Scalar TS,Numeric,6.359,8.026,10.152,12.698,22.598,20.26,31.493,46.382,69.759,74.04217663,68.27636234,63.52411919,64.36411681,65.49323864,66.78791039,65.99768449,65.19056202,64.45561151,64.3254313,64.20088642,64.38869859
IRN_FHC_QP..MAR,IRN,FHC,Capture,QP,"IRN_FHC_QP..MAR = OVERLAY(IRN_FHC_QP..MAR..HIS,IRN_FHC_QP*FHCQPADJ*MIN(0.98,
0.622+0.005167*(49+(TRND-49)/2)))",Scalar TS,Numeric,368.505,411.713,454.594,467.802,529.113,543.075,594.934,685.061,723.248,736.4460935,761.50275,785.810815,797.7622653,817.6741304,841.69638,857.5368,873.454725,884.9579825,894.7198842,904.4870295,909.7553689
IRN_OTHA_QP..MAR,IRN,OTHA,Aquaculture,QP,"IRN_OTHA_QP..MAR = OVERLAY(IRN_OTHA_QP..MAR..HIS,IRN_OTHA_QP*0.85)",Scalar TS,Numeric,0,0,0,0,0.123,2.465,10.162,14.05,21.9,20.84217663,21.29578328,21.50889196,21.72244954,21.93646053,22.15092946,22.36586093,22.5812596,22.79713014,23.01347729,23.23030583,23.44762058
IRN_SHPA_QP..MAR,IRN,SHPA,Aquaculture,QP,"IRN_SHPA_QP..MAR = OVERLAY(IRN_SHPA_QP..MAR..HIS,IRN_SHPA_QP*(TRND*0+1))",Scalar TS,Numeric,6.359,8.026,10.152,12.698,22.475,17.795,21.331,32.332,47.859,53.2,46.98057906,42.01522723,42.64166727,43.55677811,44.63698093,43.63182356,42.60930242,41.65848137,41.31195401,40.97058059,40.94107801
ISR_FHA_QP..MAR,ISR,FHA,Aquaculture,QP,"ISR_FHA_QP..MAR = OVERLAY(ISR_FHA_QP..MAR..HIS,0.15*ISR_FHA_QP)",Scalar TS,Numeric,2.05,2.326,2.722,3.374,3.073,2.26,2.382,2.545,2.545,2.551576391,2.59018586,2.619824275,2.649892473,2.680403022,2.711368894,2.742803471,2.77472056,2.807134411,2.840059732,2.862769599,2.929103049
ISR_FHC_QP..MAR,ISR,FHC,Capture,QP,"ISR_FHC_QP..MAR = OVERLAY(ISR_FHC_QP..MAR..HIS,ISR_FHC_
QP*(TRND*0+0.55*FHCQPADJ))",Scalar TS,Numeric,2.186,2.113,2.274,1.636,1.525,1.594,1.257,1.122,1.122,1.1297,1.1,1.1,1.1,1.1,1.1,1.1,1.1,1.1,1.0978,1.0956,1.0934
JPN_DEMA_QP,JPN,DEMA,Aquaculture,QP,,Scalar TS,Numeric,75.994,68.385,63.957,64.327,69.211,70.162,72.765,69.024,66,69,69.29185932,70.91208938,72.5346988,74.06895434,75.13356663,76.15591731,76.82503185,79.30899715,81.31732191,82.90861797,85.79186249
JPN_FHA_QP..MAR,JPN,FHA,Aquaculture,QP,"JPN_FHA_QP..MAR = JPN_MLCA_QP+JPN_SALA_QP..MAR+JPN_DEMA_QP+JPN_OPEA_QP+JPN_OTHA_
QP..MAR",Scalar TS,Numeric,678.521,518.963,598.73,578.71,613.71,668.816,641.308,578.2,612.8,629.2998508,643.3036054,665.466155,689.2836791,708.5111744,720.9721976,732.4515699,738.331129,747.8369712,748.7891086,748.1622719,760.8558133
JPN_FHC_QP..MAR,JPN,FHC,Capture,QP,"JPN_FHC_QP..MAR = OVERLAY(JPN_FHC_QP..MAR..HIS,JPN_FHC_
QP*(TRND*0+0.992*FHCQPADJ))",Scalar TS,Numeric,4051.296,3757.001,3631.307,3620.519,3608.42,3371.13,3172.152,3180.534,3103.902,3075.2,3178.955514,3203.451877,3230.456741,3259.786021,3291.272216,3324.762644,3360.117899,3397.210487,3429.05178,3462.245587,3496.684996
JPN_MLCA_QP,JPN,MLCA,Aquaculture,QP,,Scalar TS,Numeric,420.731,284.929,345.914,332.44,368.713,413.028,373.956,309.437,350.4,351.4,361.762736,381.0890526,401.8266437,416.6527032,425.2217505,432.8299832,435.7178388,435.6106624,428.5851235,422.0871221,425.0041639
JPN_OPEA_QP,JPN,OPEA,Aquaculture,QP,,Scalar TS,Numeric,143.202,150.416,164.439,154.499,138.63,144.455,145.549,144.244,144.4,149,152.8744403,154.1986728,155.2381124,157.5674103,159.8046189,162.1100336,163.8746583,170.4965698,176.0378524,179.9080312,186.3799969
JPN_OTHA_QP..MAR,JPN,OTHA,Aquaculture,QP,"JPN_OTHA_QP..MAR = OVERLAY(JPN_OTHA_QP..MAR..HIS,JPN_OTHA_QP*0.9)",Scalar TS,Numeric,23.828,15.117,14.692,15.229,24.354,27.234,35.83,39.847,34,39.39885081,39.6,39.6,39.6,39.6,39.6,39.6,39.6,39.6,39.6,39.6,39.6
JPN_SALA_QP..MAR,JPN,SALA,Aquaculture,QP,"JPN_SALA_QP..MAR = OVERLAY(JPN_SALA_QP..MAR..HIS,JPN_SALA_
QP*(0.025*(49+(TRND-49)/2)-0.62))",Scalar TS,Numeric,14.766,0.116,9.728,12.215,12.802,13.937,13.208,15.648,18,20.501,19.77456978,19.66634032,20.08422412,20.62210648,21.21226152,21.75563577,22.31359997,22.82074182,23.24881071,23.65850067,24.07979002
KAZ_FHA_QP..MAR,KAZ,FHA,Aquaculture,QP,KAZ_FHA_QP..MAR = 0*TRND,Scalar TS,Numeric,0,0,0,0,0,0,0,0,0,0,0,0,0,0,0,0,0,0,0,0,0
KAZ_FHC_QP..MAR,KAZ,FHC,Capture,QP,KAZ_FHC_QP..MAR = TRND*0,Scalar TS,Numeric,0,0,0,0,0,0,0,0,0,0,0,0,0,0,0,0,0,0,0,0,0
KOR_DEMA_QP,KOR,DEMA,Aquaculture,QP,,Scalar TS,Numeric,79.146,71.054,75.308,71.91,79.331,84.986,79.49,90.062,81.837,84.735,86.10578565,91.51212603,92.85928431,94.61573837,96.69177,98.51419779,100.3625243,101.9256586,103.1128741,103.6352131,105.7684561
KOR_FHA_QP..MAR,KOR,FHA,Aquaculture,QP,KOR_FHA_QP..MAR = KOR_MLCA_QP+KOR_DEMA_QP+KOR_OTHA_QP..MAR,Scalar TS,Numeric,453.328,485.264,466.623,383.905,459.633,455.437,481.935,545.288,539.345,543.3401987,566.7907359,578.7706707,588.5218898,598.5075872,607.5813631,617.1265262,629.190707,642.0490053,652.8064408,662.1565588,682.6536488
KOR_FHC_QP..MAR,KOR,FHC,Capture,QP,"KOR_FHC_QP..MAR = OVERLAY(KOR_FHC_QP..MAR..HIS,KOR_FHC_
QP*(TRND*0+0.995*FHCQPADJ))",Scalar TS,Numeric,1711.701,1732.049,1656.927,1587.606,1735.508,1640.672,1351.887,1347.893,1330.531,1355.19,1329.4195,1307.35836,1298.49291,1302.7535,1293.7985,1284.943,1276.0875,1267.3315,1256.058349,1244.919324,1233.913828
KOR_MLCA_QP,KOR,MLCA,Aquaculture,QP,,Scalar TS,Numeric,359.784,394.502,373.488,293.773,359.292,338.115,361.706,452.616,455.463,450.311,471.8716276,478.299973,486.5490073,494.6127884,501.4339323,508.9681793,518.9828572,530.0633026,539.4043499,547.9875295,566.0903118
KOR_OTHA_QP..MAR,KOR,OTHA,Aquaculture,QP,"KOR_OTHA_QP..MAR = OVERLAY(KOR_OTHA_QP..MAR..HIS,KOR_OTHA_QP*0.7)",Scalar TS,Numeric,14.398,19.708,17.827,18.222,21.01,32.336,40.739,2.61,2.045,8.29419871,8.813322609,8.958571671,9.113598221,9.279060441,9.455660809,9.644149088,9.845325525,10.06004423,10.28921679,10.53381618,10.79488087
MEX_FHA_QP..MAR,MEX,FHA,Aquaculture,QP,MEX_FHA_QP..MAR = MEX_OTHA_QP..MAR+MEX_MLCA_QP+MEX_SHPA_QP..MAR,Scalar TS,Numeric,111.014,116.803,107.884,72.341,110.057,146.731,146.099,171.854,176.995,179.9159792,185.7285421,197.0209572,207.6797355,214.4985495,223.7243716,234.4134566,243.7707987,256.4197674,269.3275948,284.5776543,294.6710971
MEX_FHC_QP..MAR,MEX,FHC,Capture,QP,"MEX_FHC_QP..MAR = OVERLAY(MEX_FHC_QP..MAR..HIS,MEX_FHC_
QP*(TRND*0+0.88*FHCQPADJ))",Scalar TS,Numeric,1410.096,1452.973,1467.411,1500.183,1396.169,1315.851,1311.089,1460.597,1468.42,1466.168,1482.943894,1390.527765,1390.527765,1482.943894,1482.943894,1482.943894,1390.527765,1390.527765,1479.978006,1477.012118,1474.04623
MEX_MLCA_QP,MEX,MLCA,Aquaculture,QP,,Scalar TS,Numeric,4.386,3.425,5.742,5.08316,14.38099,8.26991,9.03896,15.632,9.4562,10,10.33697699,10.43674015,11.33078394,12.18001745,12.88204056,13.27435789,13.71935483,14.07377038,14.46091215,14.57229411,14.81748385
MEX_OTHA_QP..MAR,MEX,OTHA,Aquaculture,QP,"MEX_OTHA_QP..MAR = OVERLAY(MEX_OTHA_QP..MAR..HIS,MEX_OTHA_QP*0.33)",Scalar TS,Numeric,2.016,3.562,1.822,6.96584,8.70301,8.10009,9.24604,6.192,9.6048,7.415979219,8.386991082,8.529142789,8.68086349,8.842797325,9.015631792,9.20010067,9.396987138,9.607127086,9.831412678,10.07079613,10.32629377
MEX_SHPA_QP..MAR,MEX,SHPA,Aquaculture,QP,"MEX_SHPA_QP..MAR = OVERLAY(MEX_SHPA_QP..MAR..HIS,MEX_SHPA_QP*(TRND*0+1))",Scalar TS,Numeric,104.612,109.816,100.32,60.292,86.973,130.361,127.814,150.03,157.934,162.5,167.004574,178.0550743,187.6680881,193.4757347,201.8266992,211.938998,220.6544567,232.7388699,245.03527,259.9345641,269.5273195
MYS_DEMA_QP,MYS,DEMA,Aquaculture,QP,,Scalar TS,Numeric,12.43,14.762,12.70225,13.44308,24.32323,26.20818,22.18692,21.98353,23.53139,23,27.88531331,32.14969438,35.25499114,36.96572042,38.95266591,41.89919929,43.99870213,46.05993005,47.24922003,47.05633673,47.07716265
MYS_FHA_QP..MAR,MYS,FHA,Aquaculture,QP,"MYS_FHA_QP..MAR = MYS_OTHA_QP..MAR+MYS_SHPA_QP..MAR+MYS_OFWDA_QP..MAR+MYS_DEMA_
QP+MYS_MLCA_QP",Scalar TS,Numeric,217.70992,164.7535,138.88925,127.14988,163.2966,131.16264,95.74623,121.02483,115.38182,115.4254188,122.8511554,131.2565622,137.6065645,143.393552,149.8289126,157.219745,163.9968617,170.5293569,176.0816135,179.4740385,184.6225313
MYS_FHC_QP..MAR,MYS,FHC,Capture,QP,"MYS_FHC_QP..MAR = OVERLAY(MYS_FHC_QP..MAR..HIS,MYS_FHC_
QP*(TRND*0+0.996*FHCQPADJ))",Scalar TS,Numeric,1428.831,1373.105,1472.239,1482.899,1458.126,1486.051,1574.443,1465.113,1451.532,1450.591211,1463.10612,1479.638934,1497.573775,1513.603186,1528.110107,1539.541269,1547.698411,1550.895795,1547.46951,1541.479185,1534.84933
MYS_MLCA_QP,MYS,MLCA,Aquaculture,QP,,Scalar TS,Numeric,89.366,60.795,45.134,41.94121,42.68127,19.37068,12.2256,16.19434,18.33966,18.2,18.43706738,19.19070874,18.82424561,19.19845111,19.85350793,20.41270765,21.11303207,21.51435578,21.71424618,21.27852548,21.3388866
MYS_OFWDA_QP..MAR,MYS,OFWDA,Aquaculture,QP,"MYS_OFWDA_QP..MAR = OVERLAY(MYS_OFWDA_QP..MAR..HIS,MYS_OFWDA_
QP*(TRND*0.016672-0.517))",Scalar TS,Numeric,20.022,17.607,20.089,16.981,30.44,29.132,15.026,30.237,21.241,24.0616,27.4616128,29.395296,31.528976,33.729344,35.9964,38.330144,40.730576,43.197696,45.731504,48.332,50.999184
MYS_OTHA_QP..MAR,MYS,OTHA,Aquaculture,QP,"MYS_OTHA_QP..MAR = OVERLAY(MYS_OTHA_QP..MAR..HIS,MYS_OTHA_QP)",Scalar TS,Numeric,8.68992,4.1175,5.395,4.82759,4.4661,3.88178,3.05971,6.82896,6.35677,5.5638188,6.215934283,6.311541071,6.409792939,6.510799884,6.614676404,6.721541685,6.831519788,6.944739845,7.061336267,7.154602415,7.359487015
MYS_SHPA_QP..MAR,MYS,SHPA,Aquaculture,QP,"MYS_SHPA_QP..MAR = OVERLAY(MYS_SHPA_QP..MAR..HIS,MYS_SHPA_QP*(TRND*0+1))",Scalar TS,Numeric,87.202,67.472,55.569,49.957,61.386,52.57,43.248,45.781,45.913,44.6,42.85122762,44.20932204,45.58855885,46.98923659,48.4116624,49.85615238,51.32303175,52.81263519,54.32530703,55.65257392,57.84781104
NEO_FHA_QP..MAR,NEO,FHA,Aquaculture,QP,NEO_FHA_QP..MAR = NEO_SHPA_QP+NEO_OMAA_QP+NEO_OTHA_QP..MAR,Scalar TS,Numeric,0.535,0.78,0.782,1.206,1.085,1.022,2.961,3.492,3.939,3.86271743,3.946806454,3.99834639,4.051213475,4.105462381,4.161150006,4.218335576,4.277080727,4.337449613,4.399508997,4.448033683,4.559858258
NEO_FHC_QP..MAR,NEO,FHC,Capture,QP,"NEO_FHC_QP..MAR = OVERLAY(NEO_FHC_QP..MAR..HIS,NEO_FHC_
QP*(TRND*0+0.95*FHCQPADJ))",Scalar TS,Numeric,456.192,423.667,551.227,550.19,547.284,554.56,554.9,601.455,806.037,650.6215397,729.4788527,732.2772001,742.3703361,760.0641132,770.2592,780.4542869,790.6493737,800.8444606,809.4174682,817.9496957,826.4411427
NEO_OMAA_QP,NEO,OMAA,Aquaculture,QP,,Scalar TS,Numeric,1.05119,1.42642,1.47172,1.049002,0.445702,0.890002,2.5606155,3.143075,3.58672,3.5,3.574806454,3.62634639,3.679213475,3.733462381,3.789150006,3.846335576,3.905080727,3.965449613,4.027508997,4.076033683,4.187858258
NEO_OTHA_QP..MAR,NEO,OTHA,Aquaculture,QP,"NEO_OTHA_QP..MAR = OVERLAY(NEO_OTHA_QP..MAR..HIS,NEO_OTHA_QP*0.33)",Scalar TS,Numeric,-1.00019,-1.20042,-1.19972,-0.498002,0.002298,-0.398002,0.0083845,0.113925,0.11228,0.12271743,0.132,0.132,0.132,0.132,0.132,0.132,0.132,0.132,0.132,0.132,0.132
NEO_SHPA_QP,NEO,SHPA,Aquaculture,QP,,Scalar TS,Numeric,0.484,0.554,0.51,0.655,0.637,0.53,0.392,0.235,0.24,0.24,0.24,0.24,0.24,0.24,0.24,0.24,0.24,0.24,0.24,0.24,0.24
NGA_FHA_QP..MAR,NGA,FHA,Aquaculture,QP,"NGA_OTHA_QP..MAR = OVERLAY(NGA_OTHA_QP..MAR..HIS,NGA_OTHA_QP)",Scalar TS,Numeric,0,0,0,0,0,0,0.04,0.12,0.09,0.0714051,0.1,0.1,0.1,0.1,0.1,0.1,0.1,0.1,0.1,0.1,0.1
NGA_FHC_QP..MAR,NGA,FHC,Capture,QP,"NGA_FHC_QP..MAR = OVERLAY(NGA_FHC_QP..MAR..HIS,NGA_FHC_
QP*(TRND*0+0.528*FHCQPADJ))",Scalar TS,Numeric,323.599,334.205,356.745,381.856,405.362,372.457,357.099,496.206,485.967,452.0892318,455.436432,454.205664,457.515696,465.472128,468.78216,472.144992,475.455024,478.817856,481.1636322,483.5487571,485.9204307
NGA_OTHA_QP..MAR,NGA,OTHA,Aquaculture,QP,"NGA_OTHA_QP..MAR = OVERLAY(NGA_OTHA_QP..MAR..HIS,NGA_OTHA_QP)",Scalar TS,Numeric,0,0,0,0,0,0,0.04,0.12,0.09,0.0714051,0.1,0.1,0.1,0.1,0.1,0.1,0.1,0.1,0.1,0.1,0.1
NOR_FHA_QP..MAR,NOR,FHA,Aquaculture,QP,NOR_FHA_QP..MAR = NOR_OTHA_QP..MAR+NOR_SALA_QP..MAR,Scalar TS,Numeric,1019.714,1143.82,1321.034,1247.762,1332.422,1380.753,1326.079,1308.388,1354.813,1388.61565,1427.803005,1448.1786,1472.692519,1511.950271,1564.583795,1567.171008,1623.993905,1682.326796,1738.867015,1774.298723,1799.785084
NOR_FHC_QP..MAR,NOR,FHC,Capture,QP,"NOR_FHC_QP..MAR = OVERLAY(NOR_FHC_QP..MAR..HIS,NOR_FHC_QP*(TRND*0+1*FHCQPADJ))",Scalar TS,Numeric,2679.481,2281.856,2149.802,2079.004,2301.376,2293.462,2033.425,2378.087,2488.67,2350,2460.162,2496.324,2556.486,2640.648,2700.81,2760.972,2821.134,2881.296,2935.575084,2989.61352,3043.411308
NOR_OTHA_QP..MAR,NOR,OTHA,Aquaculture,QP,"NOR_OTHA_QP..MAR = OVERLAY(NOR_OTHA_QP..MAR..HIS,NOR_OTHA_QP)",Scalar TS,Numeric,25.107,20.204,14.047,7.709,4.871,4.227,4.352,4.791,4.306,4.51565,4.52409507,4.558696679,4.59454726,4.631691898,4.670177301,4.710051865,4.751365734,4.794170861,4.838521073,4.884472142,4.932081852
NOR_SALA_QP..MAR,NOR,SALA,Aquaculture,QP,"NOR_SALA_QP..MAR = OVERLAY(NOR_SALA_QP..MAR..HIS,NOR_SALA_QP*(TRND*0+1))",Scalar TS,Numeric,994.607,1123.616,1306.987,1240.053,1327.551,1376.526,1321.727,1303.597,1350.507,1384.1,1423.27891,1443.619903,1468.097972,1507.318579,1559.913618,1562.460957,1619.242539,1677.532626,1734.028494,1769.414251,1794.853002
NZL_FHA_QP..MAR,NZL,FHA,Aquaculture,QP,NZL_FHA_QP..MAR = NZL_OTHA_QP..MAR+NZL_SALA_QP..MAR+NZL_MLCA_QP,Scalar TS,Numeric,109.967,116.591,98.958,96.55,108.79,89.608,107.524,114.874,102.597,102.008,107.0798126,112.451144,117.5043885,121.8656992,125.2963337,127.9904473,130.8129815,133.7050229,135.7357994,137.0115925,140.3853506
NZL_FHC_QP..MAR,NZL,FHC,Capture,QP,"NZL_FHC_QP..MAR = OVERLAY(NZL_FHC_QP..MAR..HIS,NZL_FHC_
QP*(TRND*0+0.998*FHCQPADJ))",Scalar TS,Numeric,435.293,428.847,439.609,441.378,441.171,431.828,422.316,428.113,406.068,424.15,424.15,419.16,424.15,424.15,424.15,424.15,419.16,424.15,423.3017,422.4534,421.6051
NZL_MLCA_QP,NZL,MLCA,Aquaculture,QP,,Scalar TS,Numeric,97.607,103.115,87.663,85.058,98.947,78.72,95.983,101.55,88.168,87.35,91.00480439,94.85090862,98.54202328,101.4977327,103.5638015,105.045459,106.6059216,108.3435461,109.3542849,110.0285737,112.4982999
NZL_OTHA_QP..MAR,NZL,OTHA,Aquaculture,QP,"NZL_OTHA_QP..MAR = OVERLAY(NZL_OTHA_QP..MAR..HIS,NZL_OTHA_QP)",Scalar TS,Numeric,0.08,0.114,0.101,0.077,0.087,0.081,0.09,0.09,0.09,0.05,0.05,0.05,0.05,0.05,0.05,0.05,0.05,0.05,0.05,0.05,0.05
NZL_SALA_QP..MAR,NZL,SALA,Aquaculture,QP,"NZL_SALA_QP..MAR = OVERLAY(NZL_SALA_QP..MAR..HIS,NZL_SALA_QP*(TRND*0+0.88))",Scalar TS,Numeric,12.28,13.362,11.194,11.415,9.756,10.807,11.451,13.234,14.339,14.608,16.02500817,17.55023542,18.91236518,20.31796653,21.68253212,22.8949883,24.15705989,25.31147681,26.33151441,26.93301882,27.83705078
OCE_FHA_QP..MAR,OCE,FHA,Aquaculture,QP,"OCE_FHA_QP..MAR = OVERLAY(OCE_FHA_QP..MAR..HIS,0.46*OCE_FHA_QP)",Scalar TS,Numeric,1.427,1.74,1.894,1.813,1.903,1.506,1.843,1.728,1.876,1.875531653,1.911202433,1.976411469,2.043120181,2.111392909,2.181298465,2.252910449,2.326307596,2.401574134,2.478800183,2.548519243,2.659129756
OCE_FHC_QP..MAR,OCE,FHC,Capture,QP,"OCE_FHC_QP..MAR = OVERLAY(OCE_FHC_QP..MAR..HIS,OCE_FHC_
QP*(TRND*0+0.977*FHCQPADJ))",Scalar TS,Numeric,587.253,561.843,654.431,588.829,720.788,768.813,817.647,800.556,804.56,784.7917197,788.3014501,793.7030398,800.1180047,805.6507844,813.1900793,819.0601857,824.6210208,823.0258736,817.7998697,811.004771,802.881813
PAK_FHA_QP..MAR,PAK,FHA,Aquaculture,QP,"PAK_OTHA_QP..MAR = OVERLAY(PAK_OTHA_QP..MAR..HIS,PAK_OTHA_QP*0.04)",Scalar TS,Numeric,0.101,0.105,0.108,0.112,0.115,0.119,0.125,0.129,0.131,0.1249752,0.145133469,0.147222788,0.14945275,0.151832823,0.154373111,0.157084399,0.159978199,0.163066796,0.166363303,0.169881716,0.173636972
PAK_FHC_QP..MAR,PAK,FHC,Capture,QP,"PAK_FHC_QP..MAR = OVERLAY(PAK_FHC_QP..MAR..HIS,PAK_FHC_
QP*(TRND*0+0.739*FHCQPADJ))",Scalar TS,Numeric,340.166,336.25,355.955,361.491,351.888,377.023,379.466,397.711,363.578,359.6661291,369.792644,366.390288,370.377932,370.670576,370.96322,371.255864,367.853508,371.841152,371.3895284,370.9367342,370.4827695
PAK_OTHA_QP..MAR,PAK,OTHA,Aquaculture,QP,"PAK_OTHA_QP..MAR = OVERLAY(PAK_OTHA_QP..MAR..HIS,PAK_OTHA_QP*0.04)",Scalar TS,Numeric,0.101,0.105,0.108,0.112,0.115,0.119,0.125,0.129,0.131,0.1249752,0.145133469,0.147222788,0.14945275,0.151832823,0.154373111,0.157084399,0.159978199,0.163066796,0.166363303,0.169881716,0.173636972
PER_FHA_QP..MAR,PER,FHA,Aquaculture,QP,PER_FHA_QP..MAR = PER_OTHA_QP..MAR+PER_SALA_QP..MAR+PER_MLCA_QP+PER_SHPA_QP..MAR,Scalar TS,Numeric,71.701,68.592,42.584,85.581,76.586,45.217,41.419,39.425,42.199,43.7,43.84485316,48.07448875,50.77808506,52.50116225,54.216149,55.81195973,58.73564532,59.25047883,58.63996844,58.69298413,59.57546763
PER_FHC_QP..MAR,PER,FHC,Capture,QP,"PER_FHC_QP..MAR = OVERLAY(PER_FHC_QP..MAR..HIS,PER_FHC_
QP*(TRND*0+0.995*FHCQPADJ))",Scalar TS,Numeric,4257.239,8212.369,4815.609,5827.045,3548.688,4786.551,3774.887,4128.76,7150.34,4328.25,5170.18915,3879.704,5047.62505,4975.08955,4994.96965,4903.6983,3776.65185,5097.61385,5084.151619,5052.041576,5001.386246
PER_MLCA_QP,PER,MLCA,Aquaculture,QP,,Scalar TS,Numeric,58.101,52.213,24.7817,67.6944,55.0962,23.02913,20.97499,11.92698,12.47703,12.7,12.44437073,14.46326201,17.11720079,18.52628601,19.60613748,20.52673833,21.22110426,22.74258096,22.15689562,21.65382003,21.64766611
PER_OTHA_QP..MAR,PER,OTHA,Aquaculture,QP,"PER_OTHA_QP..MAR = OVERLAY(PER_OTHA_QP..MAR..HIS,PER_OTHA_QP*0)",Scalar TS,Numeric,0.002,0,0.0013,0.0036,0.0058,0.00487,0.00301,0.00602,0.00497,0,0,0,0,0,0,0,0,0,0,0,0
PER_SALA_QP..MAR,PER,SALA,Aquaculture,QP,PER_SALA_QP..MAR = TRND*0,Scalar TS,Numeric,0,0,0,0,0,0,0,0,0,0,0,0,0,0,0,0,0,0,0,0,0
PER_SHPA_QP..MAR,PER,SHPA,Aquaculture,QP,"PER_SHPA_QP..MAR = OVERLAY(PER_SHPA_QP..MAR..HIS,PER_SHPA_QP*(TRND*0+1))",Scalar TS,Numeric,13.598,16.379,17.801,17.883,21.484,22.183,20.441,27.492,29.717,31,31.40048243,33.61122674,33.66088427,33.97487624,34.61001152,35.2852214,37.51454106,36.50789787,36.48307282,37.0391641,37.92780152
PHL_CBA_QP,PHL,CBA,Aquaculture,QP,,Scalar TS,Numeric,14.438,15.731,16.36,15.794,16.16,16.199,16.8595,18.1,20.7699,21.7,22.25298319,23.32175386,24.42229382,25.41191009,26.51729999,27.48665608,28.33459444,28.83806786,29.45008659,30.07243239,31.21063487
PHL_FHA_QP..MAR,PHL,FHA,Aquaculture,QP,"PHL_FHA_QP..MAR = PHL_OTHA_QP..MAR+PHL_SHPA_QP..MAR+PHL_CBA_QP+PHL_MKFA_
QP..MAR+PHL_MLCA_QP",Scalar TS,Numeric,426.353,450.309,471.13,485.75,475.181,464.927,483.61002,494.2364,490.5498,498.8396229,537.8241396,550.2039102,553.1359943,557.9528527,566.3193725,574.1048148,581.8895885,588.0268613,595.6869113,604.2272459,624.1869661
PHL_FHC_QP..MAR,PHL,FHC,Capture,QP,"PHL_FHC_QP..MAR = OVERLAY(PHL_FHC_QP..MAR..HIS,PHL_FHC_
QP*(TRND*0+0.914*FHCQPADJ))",Scalar TS,Numeric,2314.784,2026.252,2007.933,1998.285,2032.763,1948.101,1865.213,1724.515,1886.599,1970.106758,1994.744051,2031.745994,2065.495397,2094.657077,2123.183564,2147.431998,2169.397954,2181.565688,2185.730747,2186.932962,2185.630904
PHL_MKFA_QP..MAR,PHL,MKFA,Aquaculture,QP,"PHL_MKFA_QP..MAR = OVERLAY(PHL_MKFA_QP..MAR..HIS,PHL_MKFA_QP*(TRND*0+0.89))",Scalar TS,Numeric,306.643,330.329,345.205,358.886,353.338,345.637,361.199,365.198,347.923,353.953,363.6747351,374.3276219,380.0899694,382.309538,386.752754,389.7917464,392.8780604,395.2687807,399.9492953,406.196218,420.2227045
PHL_MLCA_QP,PHL,MLCA,Aquaculture,QP,,Scalar TS,Numeric,43.402,43.905,46.308,44.964,41.117,36.21,38.287,42.153,55.011,58,64.41583944,68.93289725,64.6513975,63.91278619,64.24415051,65.11291905,66.19204057,67.04919725,67.37250842,67.13290636,68.24484658
PHL_OTHA_QP..MAR,PHL,OTHA,Aquaculture,QP,"PHL_OTHA_QP..MAR = OVERLAY(PHL_OTHA_QP..MAR..HIS,PHL_OTHA_QP)",Scalar TS,Numeric,5.971,6.003,6.845,6.414,6.119,6.006,5.58252,6.3644,7.2589,7.1866229,7.170439784,7.255161674,7.34113241,7.428384653,7.516951895,7.606868482,7.698169629,7.79089145,7.885070974,7.950911603,8.137959355
PHL_SHPA_QP..MAR,PHL,SHPA,Aquaculture,QP,"PHL_SHPA_QP..MAR = OVERLAY(PHL_SHPA_QP..MAR..HIS,PHL_SHPA_QP*(TRND*0+1))",Scalar TS,Numeric,55.899,54.341,56.412,59.692,58.447,60.875,61.682,62.421,59.587,58,80.31014215,76.36647548,76.63120118,78.8902338,81.28821613,84.10662475,86.78672345,89.07992401,91.02995004,92.87477752,96.37082087
PRY_FHA_QP..MAR,PRY,FHA,Aquaculture,QP,PRY_FHA_QP..MAR = TRND*0,Scalar TS,Numeric,0,0,0,0,0,0,0,0,0,0,0,0,0,0,0,0,0,0,0,0,0
PRY_FHC_QP..MAR,PRY,FHC,Capture,QP,PRY_FHC_QP..MAR = TRND*0,Scalar TS,Numeric,0,0,0,0,0,0,0,0,0,0,0,0,0,0,0,0,0,0,0,0,0
RUS_FHA_QP..MAR,RUS,FHA,Aquaculture,QP,RUS_FHA_QP..MAR = RUS_OTHA_QP..MAR+RUS_SALA_QP..MAR+RUS_MLCA_QP,Scalar TS,Numeric,5.65,9.433,9.862,25.124,22.865,13.99,18.921,22.211,30.373,30.84382702,30.27684568,32.48831267,34.53577785,37.26494113,39.09014446,40.8781159,42.24399336,42.83625208,43.5790226,44.45704235,45.63792479
RUS_FHC_QP..MAR,RUS,FHC,Capture,QP,"RUS_FHC_QP..MAR = OVERLAY(RUS_FHC_QP..MAR..HIS,RUS_FHC_
QP*(TRND*0+0.94*FHCQPADJ))",Scalar TS,Numeric,3806.896,4005.737,4068.85,4098.644,4004.242,4172.073,4466.502,4594.015,4839.916,4765.8,4813.458,4812.988,4861.116,4959.346,5008.884,5058.986,5109.558,5160.694,5201.8754,5243.318496,5285.113904
RUS_MLCA_QP,RUS,MLCA,Aquaculture,QP,,Scalar TS,Numeric,0.877,0.788,0.889,2.329,3.255,2.243,4.379,7.159,7.24,7.5,7.631256803,7.75568879,7.884199843,8.016987641,8.154259322,8.296231931,8.443132892,8.595200497,8.752684418,8.882515985,9.15244353
RUS_OTHA_QP..MAR,RUS,OTHA,Aquaculture,QP,"RUS_OTHA_QP..MAR = OVERLAY(RUS_OTHA_QP..MAR..HIS,RUS_OTHA_QP*0.24)",Scalar TS,Numeric,0.074,0.145,0.219,0.245,0.82,0.808,1.685,2.036,2.473,2.863827024,2.889185549,2.928784147,2.971001714,3.016012848,3.064003838,3.115173451,3.169733767,3.227911073,3.289946818,3.356098625,3.426641388
RUS_SALA_QP..MAR,RUS,SALA,Aquaculture,QP,"RUS_SALA_QP..MAR = OVERLAY(RUS_SALA_QP..MAR..HIS,RUS_SALA_QP*(TRND*0+0.32))",Scalar TS,Numeric,4.699,8.5,8.754,22.55,18.79,10.939,12.857,13.016,20.66,20.48,19.75640332,21.80383974,23.68057629,26.23194064,27.8718813,29.46671052,30.6311267,31.01314051,31.53639137,32.21842774,33.05883987
SAC_FHA_QP..MAR,SAC,FHA,Aquaculture,QP,SAC_FHA_QP..MAR = SAC_OTHA_QP..MAR+SAC_SHPA_QP..MAR,Scalar TS,Numeric,308.772,360.793,391.858,420.27,467.017,505.279,524.294,560.668,635.665,690.1416502,726.4684683,733.7837366,752.6343851,773.7378772,795.5119815,817.9961062,841.2321282,865.2645557,890.1409319,915.9112878,934.3886014
SAC_FHC_QP..MAR,SAC,FHC,Capture,QP,"SAC_FHC_QP..MAR = OVERLAY(SAC_FHC_QP..MAR..HIS,SAC_FHC_
QP*(TRND*0+0.965*FHCQPADJ))",Scalar TS,Numeric,1775.808,1734.443,1593.805,1471.469,1727.98,1688.34,1782.278,1767.485,1781.849,1816.372734,1763.393713,1732.900324,1765.004603,1765.810047,1766.615492,1767.420936,1736.927547,1769.031826,1766.297596,1763.560144,1760.81947
SAC_OTHA_QP..MAR,SAC,OTHA,Aquaculture,QP,"SAC_OTHA_QP..MAR = OVERLAY(SAC_OTHA_QP..MAR..HIS,SAC_OTHA_QP*0.33)",Scalar TS,Numeric,2.946,2.821,2.663,3.441,3.753,3.794,4.274,4.861,4.796,5.141650206,1.574229331,1.602646178,1.631993293,1.662303641,1.693611392,1.725951959,1.759362049,1.793879709,1.829544373,1.866396917,1.90447971
SAC_SHPA_QP..MAR,SAC,SHPA,Aquaculture,QP,"SAC_SHPA_QP..MAR = OVERLAY(SAC_SHPA_QP..MAR..HIS,SAC_SHPA_QP*(TRND*0+1))",Scalar TS,Numeric,305.826,357.972,389.195,416.829,463.264,501.485,520.02,555.807,630.869,685,724.894239,732.1810904,751.0023918,772.0755736,793.8183701,816.2701542,839.4727662,863.470676,888.3113875,914.0448909,932.4841217
SAU_DEMA_QP,SAU,DEMA,Aquaculture,QP,,Scalar TS,Numeric,1.958,2.138,2.352,2.56,1.935,3.251,2.41,2.42,2.52,3.064,3.170036,3.298542,3.428518,3.559964,3.69288,3.827266,3.963122,4.100448,4.239244,4.363138,4.55483
SAU_FHA_QP..MAR,SAU,FHA,Aquaculture,QP,SAU_FHA_QP..MAR = SAU_OTHA_QP..MAR+SAU_SHPA_QP..MAR+SAU_DEMA_QP,Scalar TS,Numeric,22.692,11.327,7.517,3.416,17.589,24.571,32.15,47.22,64.22,78.11818182,80.84193684,84.11734445,87.43026485,90.78062708,94.4927677,98.51795465,102.6588386,106.9210106,111.3108003,115.401541,121.3949861
SAU_FHC_QP..MAR,SAU,FHC,Capture,QP,"SAU_FHC_QP..MAR = OVERLAY(SAU_FHC_QP..MAR..HIS,SAU_FHC_QP*(TRND*0+1*FHCQPADJ))",Scalar TS,Numeric,65.145,64.481,65.17,71.946,68.66,68.13,68.082,68,68.776,68.9,69,69,69,69,69,69,69,69,68.862,68.724,68.586
SAU_OTHA_QP..MAR,SAU,OTHA,Aquaculture,QP,"SAU_OTHA_QP..MAR = OVERLAY(SAU_OTHA_QP..MAR..HIS,SAU_OTHA_QP)",Scalar TS,Numeric,0.082,0.131,0.145,0.196,2.674,4.025,5.685,5.6,5.6,6.83618182,7.094315,7.38192,7.672815,7.967,8.264475,8.564198,8.868246,9.175584,9.486212,9.762428,10.191405
SAU_SHPA_QP..MAR,SAU,SHPA,Aquaculture,QP,"SAU_SHPA_QP..MAR = OVERLAY(SAU_SHPA_QP..MAR..HIS,SAU_SHPA_QP*(TRND*0+1))",Scalar TS,Numeric,20.652,9.058,5.02,0.66,12.98,17.295,24.055,39.2,56.1,68.218,70.57758584,73.43688245,76.32893185,79.25366308,82.5354127,86.12649065,89.82747064,93.64497863,97.5853443,101.275975,106.6487511
THA_FHA_QP..MAR,THA,FHA,Aquaculture,QP,"THA_FHA_QP..MAR = THA_SHPA_QP..MAR+THA_MLCA_QP+THA_OFWDA_QP..MAR+THA_OTHA_
QP..MAR",Scalar TS,Numeric,853.744,817.104,817.846,561.752,482.741,508.795,544.65,480.711,478.58,475.6530223,496.7554502,514.319087,534.5613511,563.7048226,590.4913164,628.8157378,662.6382553,708.2616608,747.7011765,777.2622641,821.0206547
THA_FHC_QP..MAR,THA,FHC,Capture,QP,"THA_FHC_QP..MAR = OVERLAY(THA_FHC_QP..MAR..HIS,THA_FHC_
QP*(TRND*0+0.88*FHCQPADJ))",Scalar TS,Numeric,1601.32,1610.418,1500.2,1614.536,1488.28,1317.269,1343.244,1307.824,1510.936,1369.28,1372.8,1372.8,1372.8,1372.8,1372.8,1372.8,1372.8,1372.8,1370.0544,1367.3088,1364.5632
THA_MLCA_QP,THA,MLCA,Aquaculture,QP,,Scalar TS,Numeric,270.633,186.734,185.865,216.841,183.57086,194.407,197.203,98.258,93.076,88.8,89.33019217,90.19021449,91.0564069,91.92886289,92.80767726,93.6929462,94.58476729,95.48323952,96.38846328,96.93680011,98.94915335
THA_OFWDA_QP..MAR,THA,OFWDA,Aquaculture,QP,"THA_OFWDA_QP..MAR = OVERLAY(THA_OFWDA_QP..MAR..HIS,THA_OFWDA_
QP*(TRND*0.005836-0.165891))",Scalar TS,Numeric,13.434,16.157,19.317,16.761,16.502,17.25,17.61,20.454,20.485,21.2660301,24.35042835,26.43066362,28.39371788,30.37598056,32.6245301,34.24645858,35.9036383,36.94438578,37.32103932,37.25291626,37.6400377
THA_OTHA_QP..MAR,THA,OTHA,Aquaculture,QP,"THA_OTHA_QP..MAR = OVERLAY(THA_OTHA_QP..MAR..HIS,THA_OTHA_QP*0.37)",Scalar TS,Numeric,2.881,3.019,3.112,2.755,2.76114,2.398,2.276,2.302,2.109,1.736992195,1.875398234,1.893228259,1.911182004,1.929261344,1.94746818,1.96580444,1.984272082,2.002873089,2.021609476,2.032855309,2.074794611
THA_SHPA_QP..MAR,THA,SHPA,Aquaculture,QP,"THA_SHPA_QP..MAR = OVERLAY(THA_SHPA_QP..MAR..HIS,THA_SHPA_QP*(TRND*0+0.95))",Scalar TS,Numeric,566.796,611.194,609.552,325.395,279.907,294.74,327.561,359.697,362.91,363.85,381.1994315,395.8049807,413.2000444,439.4707178,463.1116408,498.9105285,530.1655776,573.8311624,611.9700644,641.0396924,682.356669
TUR_DEMA_QP,TUR,DEMA,Aquaculture,QP,,Scalar TS,Numeric,78.953,79.2,97.619,105.1889,120.148,130.294,141.915,162.249,195.282,221,225.568,230.178,228.1804285,236.384149,247.2027311,256.5617064,266.9250726,276.6400307,289.0630612,298.8878747,311.7488654
TUR_FHA_QP..MAR,TUR,FHA,Aquaculture,QP,TUR_FHA_QP..MAR = TUR_SALA_QP..MAR+TUR_DEMA_QP+TUR_OTHA_QP..MAR,Scalar TS,Numeric,89.153,88.444,101.248,110.845,126.063,137.509,148.73,169.467,206.514,229.4977577,234.4010702,239.1473171,237.1475019,245.6385392,256.7965008,266.4520492,277.1169427,287.138613,299.9213224,310.1114945,323.2962482
TUR_FHC_QP..MAR,TUR,FHC,Capture,QP,"TUR_FHC_QP..MAR = OVERLAY(TUR_FHC_QP..MAR..HIS,TUR_FHC_
QP*(TRND*0+0.91*FHCQPADJ))",Scalar TS,Numeric,445.666,477.666,396.323,339.053,266.08,397.733,301.47,322.175,283.956,273,268.45,263.9,259.35,254.8,250.25,245.7,241.15,236.6,231.5859,226.59,221.6123
TUR_OTHA_QP..MAR,TUR,OTHA,Aquaculture,QP,"TUR_OTHA_QP..MAR = OVERLAY(TUR_OTHA_QP..MAR..HIS,TUR_OTHA_QP*0.8)",Scalar TS,Numeric,3.121,1.547,0.395,0.4701,0.305,0.343,1.099,1.266,1.622,1.32775768,1.420982382,1.435762268,1.451178258,1.467257726,1.484029227,1.501522547,1.519768751,1.538800242,1.558650816,1.579355727,1.600951743
TUR_SALA_QP..MAR,TUR,SALA,Aquaculture,QP,"TUR_SALA_QP..MAR = OVERLAY(TUR_SALA_QP..MAR..HIS,TUR_SALA_QP*(TRND*0+0.06))",Scalar TS,Numeric,7.079,7.697,3.234,5.186,5.61,6.872,5.716,5.952,9.61,7.17,7.412087838,7.53355485,7.51589511,7.78713249,8.109740454,8.388820254,8.672101302,8.959782096,9.299610384,9.644263998,9.946431036
UKR_FHA_QP..MAR,UKR,FHA,Aquaculture,QP,"UKR_FHA_QP..MAR = OVERLAY(UKR_FHA_QP..MAR..HIS,0*UKR_FHA_QP)",Scalar TS,Numeric,0.249,0.478,0.67,0.997,0.987,0.97,0,0,0,0,0,0,0,0,0,0,0,0,0,0,0
UKR_FHC_QP..MAR,UKR,FHC,Capture,QP,"UKR_FHC_QP..MAR = OVERLAY(UKR_FHC_QP..MAR..HIS,UKR_FHC_QP*(TRND*0+0.6*FHCQPADJ))",Scalar TS,Numeric,205.166,173.753,149.044,175.613,122.646,100.287,52.064,67.414,46.427,48,60.048,63.096,66.144,69.192,72.24,75.288,78.336,81.384,84.263136,87.13008,89.984832
USA_FHA_QP..MAR,USA,FHA,Aquaculture,QP,USA_FHA_QP..MAR = USA_SALA_QP..MAR+USA_OTHA_QP..MAR+USA_MLCA_QP,Scalar TS,Numeric,196.053,155.958,191.201,183.348,183.892,182.54,193.896,190.225,199.3,208.3356922,211.5086433,218.0350478,225.5829588,233.4034295,240.6931609,248.0177969,254.3640275,259.7836625,263.1664707,265.3704303,271.3798104
USA_FHC_QP..MAR,USA,FHC,Capture,QP,"USA_FHC_QP..MAR = OVERLAY(USA_FHC_QP..MAR..HIS,USA_FHC_
QP*(TRND*0+0.996*FHCQPADJ))",Scalar TS,Numeric,4288.615,5151.516,4982.462,5068.852,4961.595,5019.984,4880.022,5017.376,4721.981,4780.8,4800.72,4820.64,4840.56,4860.48,4880.4,4900.32,4920.24,4940.16,4950.15984,4960.08,4950.12
USA_MLCA_QP,USA,MLCA,Aquaculture,QP,,Scalar TS,Numeric,173.635,133.877,168.329,160.458,160.464,159.516,174.035,171.864,180.444,187.87,191.2361302,197.4053135,204.2751633,211.2827747,217.8358968,224.5752011,230.5276242,235.9151065,239.6242747,242.3470362,248.8403375
USA_OTHA_QP..MAR,USA,OTHA,Aquaculture,QP,"USA_OTHA_QP..MAR = OVERLAY(USA_OTHA_QP..MAR..HIS,USA_OTHA_QP*0.9)",Scalar TS,Numeric,2.883,3.486,3.577,4.024,4.709,4.305,3.676,3.676,2.749,4.39834266,4.157199756,4.216940109,4.280444109,4.347948866,4.419706429,4.495984723,4.577068556,4.663260677,4.754882908,4.852277347,4.955807643
USA_SALA_QP..MAR,USA,SALA,Aquaculture,QP,"USA_SALA_QP..MAR = OVERLAY(USA_SALA_QP..MAR..HIS,USA_SALA_
QP*(1.385-0.0197*(49+(TRND-49)/2)))",Scalar TS,Numeric,19.535,18.595,19.295,18.866,18.719,18.719,16.185,14.685,16.107,16.06734955,16.11531341,16.41279413,17.0273514,17.77270587,18.43755769,18.94661112,19.2593347,19.20529535,18.78731305,18.17111674,17.5836652
VNM_CBA_QP,VNM,CBA,Aquaculture,QP,,Scalar TS,Numeric,12.5,12.5,13,13,49.14,54.58756,64.63318,65.46265,36,63.7,64.448,65.91,67.386,68.876,70.38,71.898,73.43,74.976,76.536,77.818,80.50134933
VNM_FHA_QP..MAR,VNM,FHA,Aquaculture,QP,"VNM_FHA_QP..MAR = VNM_OTHA_QP..MAR+VNM_SHPA_QP..MAR+VNM_MLCA_QP+VNM_OMAA_QP+VNM_
CBA_QP",Scalar TS,Numeric,531.38,627.742,606.68,720.645,931.314,923.92733,990.37185,1079.3359,1132.15,1253.08088,1301.94628,1320.118837,1386.872766,1429.477976,1473.227849,1502.818359,1554.532043,1590.956363,1631.171825,1674.19668,1725.285115
VNM_FHC_QP..MAR,VNM,FHC,Capture,QP,"VNM_FHC_QP..MAR = OVERLAY(VNM_FHC_QP..MAR..HIS,VNM_FHC_
QP*(TRND*0+0.95*FHCQPADJ))",Scalar TS,Numeric,2067.056,2232.276,2360.311,2464.417,2577.188,2713.756,2929.043,3153.933,3190.749,3198.005508,3214.800057,3216.699748,3239.499898,3262.29986,3284.149993,3301.250117,3322.150251,3344.000245,3364.807235,3380.77286,3404.201821
VNM_MLCA_QP,VNM,MLCA,Aquaculture,QP,,Scalar TS,Numeric,107.426,124.8,144.031,191.47,198.881,242.57998,272.9529,284.96553,300.5,328,342.899607,327.9888896,331.3747847,339.5690475,348.3250724,357.9703285,368.2766551,378.2138674,387.7167107,396.0793376,411.1937024
VNM_OMAA_QP,VNM,OMAA,Aquaculture,QP,,Scalar TS,Numeric,77.904,134.137,105.766,77.097,73.036,9.31495,10.41844,11.55326,12,12,14.51413973,16.28912415,17.49585396,18.27137799,18.7905906,19.21671092,19.55802281,19.82075251,20.07237282,20.26271135,20.75820047
VNM_OTHA_QP..MAR,VNM,OTHA,Aquaculture,QP,"VNM_OTHA_QP..MAR = OVERLAY(VNM_OTHA_QP..MAR..HIS,VNM_OTHA_QP)",Scalar TS,Numeric,4.425,4.691,15.852,6.455,8.877,7.85184,8.93933,8.95046,8.65,9.38088,9.07210631,9.148820884,9.228567269,9.311465284,9.397639484,9.487219346,9.580339464,9.677139751,9.77776565,9.882368351,9.991105021
VNM_SHPA_QP..MAR,VNM,SHPA,Aquaculture,QP,"VNM_SHPA_QP..MAR = OVERLAY(VNM_SHPA_QP..MAR..HIS,VNM_SHPA_QP*(TRND*0+1))",Scalar TS,Numeric,329.125,351.614,328.031,432.623,601.38,609.593,633.428,708.404,775,840,871.0124268,900.7820024,961.3875599,993.4500851,1026.334546,1044.2461,1083.687026,1108.268603,1137.068976,1170.154263,1202.840758
ZAF_FHA_QP..MAR,ZAF,FHA,Aquaculture,QP,"ZAF_FHA_QP..MAR = OVERLAY(ZAF_FHA_QP..MAR..HIS,0.68*ZAF_FHA_QP)",Scalar TS,Numeric,1.991,1.883,2.261,2.986,3.417,3.591,3.717,3.792,4.199,4.58215557,4.76,4.93,5.1,5.27,5.447462289,5.633478915,5.821819757,6.012590454,6.205901462,6.401868279,6.600611669
ZAF_FHC_QP..MAR,ZAF,FHC,Capture,QP,"ZAF_FHC_QP..MAR = OVERLAY(ZAF_FHC_QP..MAR..HIS,ZAF_FHC_
QP*(TRND*0+0.998*FHCQPADJ))",Scalar TS,Numeric,627.935,533.123,702.102,417.363,595.14,564.281,611.29,522.682,558.836,581.7604351,534.0952455,556.2182414,592.2879106,589.8671229,583.4898401,588.3861266,590.7485519,589.2295243,581.08869,571.1704919,565.9884939
